Date,AMPARA,ANURADHAPURA,BADULLA,BATTICALOA,COLOMBO,GALLE,GAMPAHA,HAMBANTOTA,JAFFNA,KALMUNAI,KALUTARA,KANDY,KEGALLE,KILINOCHCHI,KURUNEGALA,MANNAR,MATALE,MATARA,MONARAGALA,MULLAITIVU,NUWARA ELIYA,POLONNARUWA,PUTTALAM,RATNAPURA,TRINCOMALEE,VAVUNIYA
1-Apr-2020,0,0,1,1,32,1,11,0,1,0,24,4,1,0,1,0,0,1,0,0,0,0,25,3,0,0
2-Apr-2020,0,0,1,1,33,1,11,0,4,0,24,4,1,0,2,0,0,1,0,0,0,0,25,3,0,0
3-Apr-2020,0,0,1,1,36,1,11,0,4,0,24,4,1,0,2,0,0,1,0,0,0,0,25,3,0,0
4-Apr-2020,0,0,1,1,38,1,11,0,7,0,25,4,1,0,2,0,0,1,0,0,0,0,26,3,0,0
5-Apr-2020,0,0,1,1,42,1,11,0,7,0,25,6,1,0,2,0,0,1,0,0,0,0,27,3,0,0
6-Apr-2020,0,0,1,1,44,1,13,0,7,0,25,7,1,0,2,0,0,2,0,0,0,0,31,3,0,0
7-Apr-2020,0,0,1,1,44,1,13,0,7,0,26,7,1,0,3,0,0,2,0,0,0,0,31,3,0,0
8-Apr-2020,0,0,1,1,44,1,16,0,7,0,26,7,1,0,3,0,0,2,0,0,0,0,34,3,0,0
9-Apr-2020,0,0,1,1,44,1,16,0,7,1,26,7,1,0,3,0,0,2,0,0,0,0,34,5,0,0
10-Apr-2020,0,0,1,1,44,1,16,0,7,1,27,7,1,0,3,0,0,2,0,0,0,0,34,5,0,0
11-Apr-2020,0,0,1,1,45,1,22,0,7,1,27,7,1,0,3,0,0,2,0,0,0,0,34,5,0,0
12-Apr-2020,0,0,1,1,45,1,23,0,7,2,28,7,1,0,2,0,0,2,0,0,0,0,34,5,0,0
13-Apr-2020,0,0,1,1,45,1,24,0,7,2,37,7,2,0,2,0,0,2,0,0,0,0,34,5,0,0
14-Apr-2020,0,0,1,1,45,1,25,0,7,2,44,7,2,0,2,0,0,2,0,0,0,0,34,5,0,0
15-Apr-2020,0,0,1,1,47,1,26,0,13,2,45,7,2,0,2,0,0,2,0,0,0,0,35,5,0,0
16-Apr-2020,0,0,1,1,49,1,28,0,14,2,45,7,2,0,2,0,0,2,0,0,0,0,35,5,0,1
17-Apr-2020,0,0,1,1,49,1,28,0,16,2,45,7,2,0,2,0,0,2,0,0,0,0,35,5,0,1
18-Apr-2020,0,0,1,1,55,1,28,0,16,2,45,7,2,0,2,0,0,2,0,0,0,0,35,5,0,1
19-Apr-2020,0,0,1,1,61,1,31,0,16,2,45,7,3,0,2,0,0,2,0,0,0,0,35,5,0,1
20-Apr-2020,0,0,1,1,77,1,32,0,16,2,45,7,3,0,2,0,0,2,0,0,0,0,35,5,0,1
21-Apr-2020,0,0,1,1,110,1,32,0,16,2,45,7,3,0,2,0,0,2,0,0,0,0,35,5,0,1
22-Apr-2020,0,0,1,1,115,1,32,0,16,2,45,7,4,0,2,0,0,2,0,0,0,0,35,5,0,1
23-Apr-2020,0,0,1,1,120,1,33,0,16,2,58,7,4,0,2,0,0,2,0,0,0,1,35,5,0,1
24-Apr-2020,0,0,1,1,130,1,33,0,16,2,58,7,4,0,2,0,0,2,0,0,0,1,35,5,0,1
25-Apr-2020,0,2,1,1,142,1,33,0,16,2,59,7,4,0,5,0,1,2,1,0,0,1,35,6,0,1
26-Apr-2020,0,2,1,1,144,1,34,0,16,2,59,7,5,0,12,0,1,2,2,0,0,1,37,7,0,1
27-Apr-2020,0,2,1,1,145,1,34,0,16,2,63,11,7,0,15,0,1,2,4,0,0,1,39,7,1,2
28-Apr-2020,0,2,1,1,145,1,34,0,16,2,63,12,8,0,18,0,1,2,4,0,0,1,41,7,1,2
29-Apr-2020,0,2,1,1,145,1,34,0,16,2,63,13,8,0,20,0,1,2,4,0,0,1,41,8,1,2
30-Apr-2020,0,2,1,1,147,1,34,0,16,2,65,15,8,0,23,0,1,2,4,0,0,1,41,8,2,2
1-May-2020,0,2,1,1,148,1,34,0,16,2,65,15,8,0,23,0,1,2,4,0,0,1,41,8,2,2
2-May-2020,0,2,1,1,149,1,34,0,16,2,65,15,8,0,27,0,1,2,4,0,0,1,41,8,2,2
3-May-2020,0,2,1,1,149,1,34,0,16,2,65,21,10,0,29,0,4,2,5,0,1,3,41,8,4,2
4-May-2020,0,2,1,1,149,1,34,0,16,2,65,21,10,0,29,0,4,2,5,0,1,3,41,8,4,2
5-May-2020,0,2,1,1,150,1,35,0,16,2,65,21,10,0,29,0,4,2,5,0,1,3,41,8,4,2
6-May-2020,0,2,1,1,150,1,35,0,16,2,65,21,10,0,29,0,4,2,5,0,1,3,41,8,4,2
7-May-2020,0,2,1,1,150,1,36,0,16,2,65,21,10,0,29,0,6,2,5,0,1,3,41,8,4,2
8-May-2020,0,2,1,1,150,1,36,0,16,2,65,21,10,0,29,0,6,2,5,0,1,3,41,8,4,2
9-May-2020,0,2,1,1,150,1,36,0,16,2,65,21,10,0,29,0,6,2,5,0,1,3,41,8,4,2
10-May-2020,0,2,1,1,150,1,36,0,16,2,65,21,10,0,29,0,6,2,5,0,1,3,41,8,4,2
11-May-2020,0,2,1,1,150,1,36,0,16,2,65,21,10,0,29,0,6,2,5,0,1,3,41,8,4,2
12-May-2020,0,2,1,1,150,1,36,0,16,2,65,21,10,0,29,0,6,2,5,0,1,3,41,8,4,2
13-May-2020,0,2,1,1,150,1,36,0,16,2,65,21,10,0,29,0,6,2,5,0,1,3,41,8,4,2
14-May-2020,0,2,1,1,150,1,36,0,16,2,65,21,10,0,29,0,6,2,5,0,1,3,41,8,4,2
15-May-2020,0,2,1,1,150,1,36,0,16,2,65,21,10,0,29,0,6,2,5,0,1,3,41,8,4,2
16-May-2020,0,2,1,1,150,1,36,0,16,2,65,21,10,0,29,0,6,2,5,0,1,3,41,8,4,2
17-May-2020,0,2,1,1,150,1,36,0,16,2,65,21,10,0,29,0,6,2,5,0,1,3,41,8,4,2
18-May-2020,0,2,1,1,150,1,36,0,16,2,65,21,10,0,29,0,6,2,5,0,1,3,41,8,4,2
19-May-2020,0,2,1,1,150,1,36,0,16,2,65,21,10,0,29,0,6,2,5,0,1,3,41,8,4,2
20-May-2020,0,2,1,1,150,1,36,0,16,2,65,21,10,0,29,0,6,2,5,0,1,3,41,8,4,2
21-May-2020,0,2,1,1,150,1,36,0,16,2,65,21,10,0,29,0,6,2,5,0,1,3,41,8,4,2
22-May-2020,0,2,1,1,150,1,36,0,16,2,65,21,10,0,29,0,6,2,5,0,1,3,41,8,4,2
23-May-2020,0,2,1,1,150,1,36,0,16,2,65,21,10,0,29,0,6,2,5,0,1,3,41,8,4,2
24-May-2020,0,2,1,1,150,1,36,0,16,2,65,21,10,0,29,0,6,2,5,0,1,3,41,8,4,2
25-May-2020,0,2,1,1,150,1,36,0,16,2,65,21,10,0,29,0,6,2,5,0,1,3,41,8,4,2
26-May-2020,0,2,1,1,150,1,36,0,16,2,65,21,10,0,29,0,6,2,5,0,1,3,41,8,4,2
27-May-2020,0,2,1,1,150,1,36,0,16,2,65,21,10,0,29,0,6,2,5,0,1,3,41,8,4,2
28-May-2020,0,2,1,1,150,1,36,0,16,2,65,21,10,0,29,0,6,2,5,0,1,3,41,8,4,2
29-May-2020,0,2,1,1,150,1,36,0,16,2,65,21,10,0,29,0,6,2,5,0,1,3,41,8,4,2
30-May-2020,0,2,1,1,150,1,36,0,16,2,65,21,10,0,29,0,6,2,5,0,1,3,41,8,4,2
31-May-2020,0,2,1,1,150,1,36,0,16,2,65,21,10,0,29,0,6,2,5,0,1,3,41,8,4,2
1-Jun-2020,0,2,1,1,150,1,36,0,16,2,65,21,10,0,29,0,6,2,5,0,1,3,41,8,4,2
2-Jun-2020,0,2,1,1,150,1,36,0,16,2,65,21,10,0,29,0,6,2,5,0,1,3,41,8,4,2
3-Jun-2020,0,2,1,1,150,1,36,0,16,2,65,21,10,0,29,0,6,2,5,0,1,3,41,8,4,2
4-Jun-2020,0,2,1,1,150,1,36,0,16,2,65,21,10,0,29,0,6,2,5,0,1,3,41,8,4,2
5-Jun-2020,0,2,1,1,150,1,36,0,16,2,65,21,10,0,29,0,6,2,5,0,1,3,41,8,4,2
6-Jun-2020,0,2,1,1,150,1,36,0,16,2,65,21,10,0,29,0,6,2,5,0,1,3,41,8,4,2
7-Jun-2020,0,2,1,1,150,1,36,0,16,2,65,21,10,0,29,0,6,2,5,0,1,3,41,8,4,2
8-Jun-2020,0,2,1,1,150,1,36,0,16,2,65,21,10,0,29,0,6,2,5,0,1,3,41,8,4,2
9-Jun-2020,0,2,1,1,150,1,36,0,16,2,65,21,10,0,29,0,6,2,5,0,1,3,41,8,4,2
10-Jun-2020,0,2,1,1,150,1,36,0,16,2,65,21,10,0,29,0,6,2,5,0,1,3,41,8,4,2
11-Jun-2020,0,2,1,1,150,1,36,0,16,2,65,21,10,0,29,0,6,2,5,0,1,3,41,8,4,2
12-Jun-2020,0,2,1,1,150,1,36,0,16,2,65,21,10,0,29,0,6,2,5,0,1,3,41,8,4,2
13-Jun-2020,0,2,1,1,150,1,36,0,16,2,65,21,10,0,29,0,6,2,5,0,1,3,41,8,4,2
14-Jun-2020,0,2,1,1,150,1,36,0,16,2,65,21,10,0,29,0,6,2,5,0,1,3,41,8,4,2
15-Jun-2020,0,2,1,1,150,1,36,0,16,2,65,21,10,0,29,0,6,2,5,0,1,3,41,8,4,2
16-Jun-2020,0,2,1,1,150,1,36,0,16,2,65,21,10,0,29,0,6,2,5,0,1,3,41,8,4,2
18-Jun-2020,0,2,1,1,150,1,36,0,16,2,65,21,10,0,29,0,6,2,5,0,1,3,41,8,4,2
19-Jun-2020,0,2,1,1,150,1,36,0,16,2,65,21,10,0,29,0,6,2,5,0,1,3,41,8,4,2
20-Jun-2020,0,2,1,1,150,1,36,0,16,2,65,21,10,0,29,0,6,2,5,0,1,3,41,8,4,2
21-Jun-2020,0,2,1,1,150,1,36,0,16,2,65,21,10,0,29,0,6,2,5,0,1,3,41,8,4,2
22-Jun-2020,0,2,1,1,150,1,36,0,16,2,65,21,10,0,29,0,6,2,5,0,1,3,41,8,4,2
23-Jun-2020,0,2,1,1,150,1,36,0,16,2,65,21,10,0,29,0,6,2,5,0,1,3,41,8,4,2
24-Jun-2020,0,2,1,1,150,1,36,0,16,2,65,21,10,0,29,0,6,2,5,0,1,3,41,8,4,2
25-Jun-2020,0,2,1,1,150,1,36,0,16,2,65,21,10,0,29,0,6,2,5,0,1,3,41,8,4,2
26-Jun-2020,0,2,1,1,150,1,36,0,16,2,65,21,10,0,29,0,6,2,5,0,1,3,41,8,4,2
27-Jun-2020,0,2,1,1,150,1,36,0,16,2,65,21,10,0,29,0,6,2,5,0,1,3,41,8,4,2
28-Jun-2020,0,2,1,1,150,1,36,0,16,2,65,21,10,0,29,0,6,2,5,0,1,3,41,8,4,2
29-Jun-2020,0,2,1,1,150,1,36,0,16,2,65,21,10,0,29,0,6,2,5,0,1,3,41,8,4,2
30-Jun-2020,0,2,1,1,150,1,36,0,16,2,65,21,10,0,29,0,6,2,5,0,1,3,41,8,4,2
1-Jul-2020,0,2,1,1,150,1,36,0,16,2,65,21,10,0,29,0,6,2,5,0,1,3,41,8,4,2
2-Jul-2020,0,2,1,1,150,1,36,0,16,2,65,21,10,0,29,0,6,2,5,0,1,3,41,8,4,2
3-Jul-2020,0,2,1,1,150,1,36,0,16,2,65,21,10,0,29,0,6,2,5,0,1,3,41,8,4,2
4-Jul-2020,0,2,1,1,150,1,36,0,16,2,65,21,10,0,29,0,6,2,5,0,1,3,41,8,4,2
5-Jul-2020,0,2,1,1,150,1,36,0,16,2,65,21,10,0,29,0,6,2,5,0,1,3,41,8,4,2
6-Jul-2020,0,2,1,1,150,1,36,0,16,2,65,21,10,0,29,0,6,2,5,0,1,3,41,8,4,2
7-Jul-2020,0,2,1,1,150,1,36,0,16,2,65,21,10,0,29,0,6,2,5,0,1,3,41,8,4,2
8-Jul-2020,0,2,1,1,150,1,36,0,16,2,65,21,10,0,29,0,6,2,5,0,1,3,41,8,4,2
9-Jul-2020,0,2,1,1,150,1,36,0,16,2,65,21,10,0,29,0,6,2,5,0,1,3,41,8,4,2
10-Jul-2020,0,2,1,1,150,1,36,0,16,2,65,21,10,0,29,0,6,2,5,0,1,3,41,8,4,2
11-Jul-2020,0,4,1,1,150,1,36,0,16,2,65,21,10,0,29,0,6,2,5,0,1,3,41,8,4,2
12-Jul-2020,0,9,1,1,150,2,36,0,16,2,65,21,10,0,29,0,6,2,5,0,1,4,41,8,4,2
13-Jul-2020,0,15,1,1,150,2,36,0,16,2,65,21,10,0,29,0,6,2,5,0,1,4,41,8,4,2
14-Jul-2020,0,17,1,1,150,2,36,0,16,2,65,21,10,0,29,0,6,2,5,0,1,4,41,8,4,2
15-Jul-2020,0,18,1,1,150,2,36,0,16,2,65,23,10,0,29,0,6,2,5,0,1,5,41,8,4,2
16-Jul-2020,0,18,1,1,150,2,36,0,16,2,65,24,10,0,29,0,6,2,5,0,1,5,41,8,4,2
17-Jul-2020,2,18,1,1,153,2,36,1,16,2,65,24,10,0,29,0,6,2,5,0,1,7,41,8,4,2
18-Jul-2020,2,19,1,1,153,2,38,1,16,2,65,24,10,0,29,0,6,2,5,0,1,7,41,8,4,2
19-Jul-2020,2,19,1,1,157,2,38,1,16,2,65,24,10,0,29,0,6,2,5,0,1,8,41,8,4,2
20-Jul-2020,2,19,1,1,160,2,38,1,16,2,65,24,10,0,29,0,6,2,5,0,1,8,41,9,4,2
21-Jul-2020,2,20,1,1,160,2,38,1,16,2,65,24,10,0,29,0,6,2,5,0,1,8,41,9,4,2
22-Jul-2020,2,20,1,1,160,2,38,1,16,2,65,24,10,0,29,0,6,2,5,0,1,8,41,9,4,2
23-Jul-2020,2,20,1,1,160,2,38,1,16,2,65,24,10,0,29,0,6,2,5,0,1,9,41,9,4,2
24-Jul-2020,2,20,1,1,160,2,38,1,16,2,65,24,10,0,29,0,6,2,5,0,1,9,41,9,4,2
25-Jul-2020,2,20,1,1,160,2,38,1,16,2,65,24,10,0,29,0,6,2,5,0,1,9,41,9,4,2
26-Jul-2020,2,20,1,1,160,2,38,1,16,2,65,24,10,0,29,0,6,2,5,0,1,9,41,9,4,2
27-Jul-2020,2,20,1,1,160,2,38,1,16,2,65,24,10,0,29,0,6,2,5,0,1,9,41,9,4,2
28-Jul-2020,2,20,1,1,160,2,38,1,16,2,65,24,10,0,29,0,6,2,5,0,1,9,41,9,4,2
29-Jul-2020,2,20,1,1,160,2,38,1,16,2,65,24,10,0,29,0,6,2,5,0,1,9,41,9,4,2
30-Jul-2020,2,20,1,1,160,2,38,1,16,2,65,24,10,0,29,0,6,2,5,0,1,10,41,9,4,2
31-Jul-2020,2,20,1,1,160,2,38,1,16,2,65,24,10,0,29,0,6,2,5,0,1,10,41,9,4,2
1-Aug-2020,2,20,1,1,160,2,38,1,16,2,65,24,10,0,29,0,6,2,5,0,1,11,41,9,4,2
2-Aug-2020,2,20,1,1,160,2,38,1,16,2,65,24,10,0,29,0,6,2,5,0,1,11,41,9,4,2
3-Aug-2020,2,20,1,1,160,2,38,1,16,2,65,24,10,0,29,0,6,2,5,0,1,12,41,9,4,2
4-Aug-2020,2,20,1,1,160,2,38,1,16,2,65,24,10,0,29,0,6,2,5,0,1,13,41,9,4,2
5-Aug-2020,2,20,1,1,160,2,38,1,16,2,65,24,10,0,29,0,6,2,5,0,1,13,41,9,4,2
6-Aug-2020,2,20,1,1,160,2,38,1,16,2,65,24,10,0,29,0,6,2,5,0,1,13,41,9,4,2
7-Aug-2020,2,20,1,1,160,2,38,1,16,2,65,24,10,0,29,0,6,2,5,0,1,13,41,9,4,2
8-Aug-2020,2,20,1,1,160,2,38,1,16,2,65,24,10,0,29,0,6,2,5,0,1,13,41,9,4,2
9-Aug-2020,2,20,1,1,160,2,38,1,16,2,65,24,10,0,29,0,6,2,5,0,1,13,41,9,4,2
10-Aug-2020,2,20,1,1,160,2,38,1,16,2,65,24,10,0,29,0,6,2,5,0,1,13,41,9,4,2
11-Aug-2020,2,20,1,1,160,2,38,1,16,2,65,24,10,0,29,0,6,2,5,0,1,13,41,9,4,2
12-Aug-2020,2,20,1,1,160,2,38,1,16,2,65,24,10,0,29,0,6,2,5,0,1,13,41,9,4,2
13-Aug-2020,2,20,1,1,160,2,38,1,16,2,65,24,10,0,29,0,6,2,5,0,1,13,41,9,4,2
14-Aug-2020,2,20,1,1,160,2,38,1,16,2,65,24,10,0,29,0,6,2,5,0,1,13,41,9,4,2
15-Aug-2020,2,20,1,1,160,2,38,1,16,2,65,24,10,0,29,0,6,2,5,0,1,13,41,9,4,2
16-Aug-2020,2,20,1,1,160,2,38,1,16,2,65,24,10,0,29,0,6,2,5,0,1,13,41,9,4,2
17-Aug-2020,2,20,1,1,160,2,38,1,16,2,65,24,10,0,29,0,6,2,5,0,1,13,41,9,4,2
18-Aug-2020,2,20,1,1,160,2,38,1,16,2,65,24,10,0,29,0,6,2,5,0,1,13,41,9,4,2
19-Aug-2020,2,20,1,1,160,2,38,1,16,2,65,24,10,0,29,0,6,2,5,0,1,13,41,9,4,2
20-Aug-2020,2,20,1,1,160,2,38,1,16,2,65,24,10,0,29,0,6,2,5,0,1,13,41,9,4,2
21-Aug-2020,2,20,1,1,160,2,38,1,16,2,65,24,10,0,29,0,6,2,5,0,1,13,41,9,4,2
22-Aug-2020,2,20,1,1,160,2,38,1,16,2,65,24,10,0,29,0,6,2,5,0,1,13,41,9,4,2
23-Aug-2020,2,20,1,1,160,2,38,1,16,2,65,24,10,0,29,0,6,2,5,0,1,13,41,9,4,2
24-Aug-2020,2,20,1,1,160,2,38,1,16,2,65,24,10,0,29,0,6,2,5,0,1,13,41,9,4,2
25-Aug-2020,2,20,1,1,160,2,38,1,16,2,65,24,10,0,29,0,6,2,5,0,1,13,41,9,4,2
26-Aug-2020,2,20,1,1,160,2,38,1,16,2,65,24,10,0,29,0,6,2,5,0,1,13,41,9,4,2
27-Aug-2020,2,20,1,1,160,2,38,1,16,2,65,24,10,0,29,0,6,2,5,0,1,13,41,9,4,2
28-Aug-2020,2,20,1,1,160,2,38,1,16,2,65,24,10,0,29,0,6,2,5,0,1,13,41,9,4,2
29-Aug-2020,2,20,1,1,160,2,38,1,16,2,65,24,10,0,29,0,6,2,5,0,1,13,41,9,4,2
30-Aug-2020,2,20,1,1,160,2,38,1,16,2,65,24,10,0,29,0,6,2,5,0,1,13,41,9,4,2
31-Aug-2020,2,20,1,1,160,2,38,1,16,2,65,24,10,0,29,0,6,2,5,0,1,13,41,9,4,2
1-Sep-2020,2,20,1,1,160,2,38,1,16,2,65,24,10,0,29,0,6,2,5,0,1,13,41,9,4,2
2-Sep-2020,2,20,1,1,160,2,38,1,16,2,65,24,10,0,29,0,6,2,5,0,1,13,41,9,4,2
3-Sep-2020,2,20,1,1,160,2,38,1,16,2,65,24,10,0,29,0,6,2,5,0,1,13,41,9,4,2
4-Sep-2020,2,20,1,1,160,2,38,1,16,2,65,24,10,0,29,0,6,2,5,0,1,13,41,9,4,2
5-Sep-2020,2,20,1,1,160,2,38,1,16,2,65,24,10,0,29,0,6,2,5,0,1,13,41,9,4,2
6-Sep-2020,2,20,1,1,160,2,38,1,16,2,65,24,10,0,29,0,6,2,5,0,1,13,41,9,4,2
7-Sep-2020,2,20,1,1,160,2,38,1,16,2,65,24,10,0,29,0,6,2,5,0,1,13,41,9,4,2
8-Sep-2020,2,20,1,1,160,2,38,1,16,2,65,24,10,0,29,0,6,2,5,0,1,13,41,9,4,2
9-Sep-2020,2,20,1,1,160,2,38,1,16,2,65,24,10,0,29,0,6,2,5,0,1,13,41,9,4,2
10-Sep-2020,2,20,1,1,160,2,38,1,16,2,65,24,10,0,29,0,6,2,5,0,1,13,41,9,4,2
11-Sep-2020,2,20,1,1,160,2,38,1,16,2,65,24,10,0,29,0,6,2,5,0,1,13,41,9,4,2
12-Sep-2020,2,20,1,1,160,2,38,1,16,2,65,24,10,0,29,0,6,2,5,0,1,13,41,9,4,2
13-Sep-2020,2,20,1,1,160,2,38,1,16,2,65,24,10,0,29,0,6,2,5,0,1,13,41,9,4,2
14-Sep-2020,2,20,1,1,160,2,38,1,16,2,65,24,10,0,29,0,6,2,5,0,1,13,41,9,4,2
15-Sep-2020,2,20,1,1,160,2,38,1,16,2,65,24,10,0,29,0,6,2,5,0,1,13,41,9,4,2
16-Sep-2020,2,20,1,1,160,2,38,1,16,2,65,24,10,0,29,0,6,2,5,0,1,13,41,9,4,2
17-Sep-2020,2,20,1,1,160,2,38,1,16,2,65,24,10,0,29,0,6,2,5,0,1,13,41,9,4,2
18-Sep-2020,2,20,1,1,160,2,38,1,16,2,65,24,10,0,29,0,6,2,5,0,1,13,41,9,4,2
19-Sep-2020,2,20,1,1,160,2,38,1,16,2,65,24,10,0,29,0,6,2,5,0,1,13,41,9,4,2
20-Sep-2020,2,20,1,1,160,2,38,1,16,2,65,24,10,0,29,0,6,2,5,0,1,13,41,9,4,2
21-Sep-2020,2,20,1,1,160,2,38,1,16,2,65,24,10,0,29,0,6,2,5,0,1,13,41,9,4,2
22-Sep-2020,2,20,1,1,160,2,38,1,16,2,65,24,10,0,29,0,6,2,5,0,1,13,41,9,4,2
23-Sep-2020,2,20,1,1,160,2,38,1,16,2,65,24,10,0,29,0,6,2,5,0,1,13,41,9,4,2
24-Sep-2020,2,20,1,1,160,2,38,1,16,2,65,24,10,0,29,0,6,2,5,0,1,13,41,9,4,2
25-Sep-2020,2,20,1,1,160,2,38,1,16,2,65,24,10,0,29,0,6,2,5,0,1,13,41,9,4,2
26-Sep-2020,2,20,1,1,160,2,38,1,16,2,65,24,10,0,29,0,6,2,5,0,1,13,41,9,4,2
27-Sep-2020,2,20,1,1,160,2,38,1,16,2,65,24,10,0,29,0,6,2,5,0,1,13,41,9,4,2
28-Sep-2020,2,20,1,1,160,2,38,1,16,2,65,24,10,0,29,0,6,2,5,0,1,13,41,9,4,2
29-Sep-2020,2,20,1,1,160,2,38,1,16,2,65,24,10,0,29,0,6,2,5,0,1,13,41,9,4,2
30-Sep-2020,2,20,1,1,160,2,38,1,16,2,65,24,10,0,29,0,6,2,5,0,1,13,41,9,4,2
1-Oct-2020,2,20,1,1,160,2,38,1,16,2,65,24,10,0,29,0,6,2,5,0,1,13,41,9,4,2
2-Oct-2020,2,20,1,1,160,2,38,1,16,2,65,24,10,0,29,0,6,2,5,0,1,13,41,9,4,2
3-Oct-2020,2,20,1,1,160,2,38,1,16,2,65,24,10,0,29,0,6,2,5,0,1,13,41,9,4,2
4-Oct-2020,2,20,1,1,160,2,39,1,16,2,65,24,10,0,29,0,6,2,5,0,1,13,41,9,4,2
5-Oct-2020,2,20,1,1,160,2,38,1,16,2,65,24,10,0,29,0,6,2,5,0,1,13,41,9,4,2
6-Oct-2020,2,20,1,1,160,2,38,1,16,2,65,24,10,0,29,0,6,2,5,0,1,13,41,9,4,2
7-Oct-2020,2,20,1,1,160,2,38,1,16,2,65,24,10,0,29,0,6,2,5,0,1,13,41,9,4,2
8-Oct-2020,2,20,1,1,160,2,38,1,16,2,65,24,10,0,29,0,6,2,5,0,1,13,41,9,4,2
9-Oct-2020,2,20,1,1,160,2,38,1,16,2,65,24,10,0,29,0,6,2,5,0,1,13,41,9,4,2
10-Oct-2020,2,20,1,1,160,2,38,1,16,2,65,24,10,0,29,0,6,2,5,0,1,13,41,9,4,2
11-Oct-2020,2,20,1,1,160,2,38,1,16,2,65,24,10,0,29,0,6,2,5,0,1,13,41,9,4,2
12-Oct-2020,2,20,1,1,160,2,38,1,16,2,65,24,10,0,29,0,6,2,5,0,1,13,41,9,4,2
13-Oct-2020,2,20,1,1,160,2,38,1,16,2,65,24,10,0,29,0,6,2,5,0,1,13,41,9,4,2
14-Oct-2020,2,20,1,1,160,2,38,1,16,2,65,24,10,0,29,0,6,2,5,0,1,13,41,9,4,2
15-Oct-2020,2,20,1,1,160,2,38,1,16,2,65,24,10,0,29,0,6,2,5,0,1,13,41,9,4,2
16-Oct-2020,2,20,1,1,160,2,38,1,16,2,65,24,10,0,29,0,6,2,5,0,1,13,41,9,4,2
17-Oct-2020,2,20,1,1,160,2,38,1,16,2,65,24,10,0,29,0,6,2,5,0,1,13,41,9,4,2
18-Oct-2020,2,20,1,1,160,2,38,1,16,2,65,24,10,0,29,0,6,2,5,0,1,13,41,9,4,2
19-Oct-2020,2,20,1,1,160,2,38,1,16,2,65,24,10,0,29,0,6,2,5,0,1,13,41,9,4,2
20-Oct-2020,2,20,1,1,160,2,38,1,16,2,65,24,10,0,29,0,6,2,5,0,1,13,41,9,4,2
21-Oct-2020,2,20,1,1,160,2,38,1,16,2,65,24,10,0,29,0,6,2,5,0,1,13,41,9,4,2
22-Oct-2020,2,20,1,1,160,2,38,1,16,2,65,24,10,0,29,0,6,2,5,0,1,13,41,9,4,2
23-Oct-2020,2,20,1,1,160,2,38,1,16,2,65,24,10,0,29,0,6,2,5,0,1,13,41,9,4,2
24-Oct-2020,2,20,1,1,160,2,38,1,16,2,65,24,10,0,29,0,6,2,5,0,1,13,41,9,4,2
25-Oct-2020,2,20,1,1,160,2,38,1,16,2,65,24,10,0,29,0,6,2,5,0,1,13,41,9,4,2
26-Oct-2020,2,20,1,1,160,2,38,1,16,2,65,24,10,0,29,0,6,2,5,0,1,13,41,9,4,2
27-Oct-2020,2,20,1,1,160,2,38,1,16,2,65,24,10,0,29,0,6,2,5,0,1,13,41,9,4,2
28-Oct-2020,2,20,1,1,160,2,38,1,16,2,65,24,10,0,29,0,6,2,5,0,1,13,41,9,4,2
29-Oct-2020,2,20,1,1,160,2,38,1,16,2,65,24,10,0,29,0,6,2,5,0,1,13,41,9,4,2
30-Oct-2020,2,20,1,1,160,2,38,1,16,2,65,24,10,0,29,0,6,2,5,0,1,13,41,9,4,2
31-Oct-2020,2,20,1,1,160,2,38,1,16,2,65,24,10,0,29,0,6,2,5,0,1,13,41,9,4,2
1-Nov-2020,2,20,1,1,160,2,38,1,16,2,65,24,10,0,29,0,6,2,5,0,1,13,41,9,4,2
2-Nov-2020,2,20,1,1,160,2,38,1,16,2,65,24,10,0,29,0,6,2,5,0,1,13,41,9,4,2
3-Nov-2020,2,20,1,1,160,2,38,1,16,2,65,24,10,0,29,0,6,2,5,0,1,13,41,9,4,2
4-Nov-2020,2,20,1,1,160,2,38,1,16,2,65,24,10,0,29,0,6,2,5,0,1,13,41,9,4,2
5-Nov-2020,2,20,1,1,160,2,38,1,16,2,65,24,10,0,29,0,6,2,5,0,1,13,41,9,4,2
6-Nov-2020,2,20,1,1,160,2,38,1,16,2,65,24,10,0,29,0,6,2,5,0,1,13,41,9,4,2
7-Nov-2020,2,20,1,1,160,2,38,1,16,2,65,24,10,0,29,0,6,2,5,0,1,13,41,9,4,2
8-Nov-2020,2,20,1,1,160,2,38,1,16,2,65,24,10,0,29,0,6,2,5,0,1,13,41,9,4,2
9-Nov-2020,2,20,1,1,160,2,38,1,16,2,65,24,10,0,29,0,6,2,5,0,1,13,41,9,4,2
10-Nov-2020,2,20,1,1,160,2,38,1,16,2,65,24,10,0,29,0,6,2,5,0,1,13,41,9,4,2
11-Nov-2020,2,20,1,1,160,2,38,1,16,2,65,24,10,0,29,0,6,2,5,0,1,13,41,9,4,2
12-Nov-2020,2,20,1,1,160,2,38,1,16,2,65,24,10,0,29,0,6,2,5,0,1,13,41,9,4,2
13-Nov-2020,2,20,1,1,160,2,38,1,16,2,65,24,10,0,29,0,6,2,5,0,1,13,41,9,4,2
14-Nov-2020,22,29,32,63,4829,123,4921,20,24,2,593,144,170,3,238,10,28,26,12,1,47,16,93,104,10,14
15-Nov-2020,22,31,34,69,5118,129,4943,21,24,2,601,224,174,3,241,10,29,26,14,1,47,17,94,124,11,14
16-Nov-2020,23,32,34,70,5366,174,4987,21,25,2,611,248,175,3,245,10,29,26,14,1,47,17,99,124,11,14
17-Nov-2020,23,71,37,70,5923,178,5050,22,25,2,613,248,178,3,248,10,30,27,14,1,47,17,101,124,12,15
18-Nov-2020,26,71,42,75,6080,183,5106,22,25,2,692,250,191,3,250,10,30,27,14,1,48,17,101,125,12,15
19-Nov-2020,26,74,42,75,6340,188,5141,22,25,2,719,254,192,3,261,10,30,28,14,1,49,17,102,126,12,15
20-Nov-2020,27,75,43,75,6508,191,5224,22,25,2,728,258,192,3,262,10,30,30,14,1,50,17,105,127,12,15
21-Nov-2020,27,77,44,77,6722,192,5303,23,25,3,745,277,192,3,270,10,30,30,15,1,54,17,110,133,12,15
22-Nov-2020,27,77,44,78,6903,208,5345,23,25,3,753,289,192,3,272,10,30,31,15,1,56,17,110,133,13,15
23-Nov-2020,27,78,47,78,7226,210,5391,23,25,4,776,296,194,5,288,10,31,34,16,1,63,22,110,138,14,15
24-Nov-2020,27,80,47,78,7434,210,5446,23,25,4,781,303,194,5,295,10,31,35,16,1,72,22,111,138,14,15
25-Nov-2020,27,81,50,78,7673,210,5486,23,25,4,790,309,194,5,298,10,31,35,16,1,78,23,112,141,14,15
26-Nov-2020,27,82,50,78,7948,214,5506,23,25,4,871,325,194,5,299,10,31,36,16,1,94,23,112,141,14,15
27-Nov-2020,27,82,55,78,8228,215,5603,23,25,4,931,335,195,5,300,10,31,36,16,1,101,23,121,143,14,15
28-Nov-2020,28,82,58,81,8486,215,5675,24,25,18,970,338,198,5,304,10,36,37,16,1,118,23,129,143,14,15
29-Nov-2020,28,84,58,81,8698,215,5746,24,25,40,985,374,203,10,318,10,37,37,17,1,118,23,129,150,14,15
30-Nov-2020,28,84,58,81,8954,217,5865,24,26,47,1021,374,205,10,320,10,38,47,17,1,125,23,130,151,15,15
1-Dec-2020,30,85,62,81,9199,219,6042,24,26,54,1024,375,207,11,327,10,41,50,17,1,129,23,147,151,16,15
2-Dec-2020,30,85,66,81,9456,219,6144,24,26,68,1037,411,208,12,329,14,44,51,17,1,132,23,154,187,17,15
3-Dec-2020,30,85,88,82,9771,226,6190,24,26,89,1059,450,211,12,331,14,45,53,17,1,145,23,155,204,17,15
4-Dec-2020,30,88,91,90,10282,229,6305,24,26,119,1162,452,215,12,335,14,45,55,17,1,160,25,195,205,17,16
5-Dec-2020,30,88,91,90,10592,241,6361,25,27,155,1245,502,217,12,350,14,46,55,19,1,161,26,201,239,17,16
6-Dec-2020,30,89,91,93,10866,246,6464,26,27,173,1294,505,224,13,366,14,46,58,19,1,170,26,202,242,17,17
7-Dec-2020,31,90,117,93,11077,264,6521,26,30,197,1333,706,228,13,369,14,47,68,20,1,189,27,223,258,17,1
8-Dec-2020,31,92,121,94,11473,280,6628,26,30,202,1339,709,228,14,370,14,47,69,21,1,216,27,281,261,19,17
9-Dec-2020,31,98,121,95,11883,287,6737,74,30,249,1357,738,231,14,372,14,48,69,22,1,216,28,288,275,19,17
10-Dec-2020,32,98,121,96,12355,294,6823,74,30,298,1487,739,236,14,384,14,54,69,22,1,216,28,291,297,22,17
11-Dec-2020,32,99,129,97,12643,306,6962,75,30,312,1545,802,236,14,392,14,55,89,23,1,219,30,319,315,22,17
12-Dec-2020,36,100,129,97,12852,308,7045,75,32,323,1616,860,237,14,410,14,58,95,23,1,224,30,319,332,27,17
13-Dec-2020,36,101,131,97,13292,335,7173,75,37,341,1687,861,238,14,417,14,58,99,24,1,237,31,323,334,27,19
14-Dec-2020,36,104,143,98,13623,348,7272,77,37,363,1855,873,241,14,438,14,66,121,31,1,243,31,342,344,27,19
15-Dec-2020,36,107,146,98,13868,348,7377,77,69,393,1930,923,243,14,461,14,66,126,36,3,249,31,360,377,28,19
16-Dec-2020,36,107,148,99,14138,380,7540,79,70,422,1976,945,249,14,476,14,72,126,52,3,296,31,371,383,28,23
17-Dec-2020,37,110,151,99,14405,409,7627,79,83,464,2038,956,254,14,481,14,74,134,64,3,301,34,373,386,28,23
18-Dec-2020,37,110,158,100,14635,413,7734,87,85,495,2153,966,261,14,491,14,74,153,64,3,313,39,375,398,28,23
19-Dec-2020,37,110,160,100,14945,421,7804,87,87,520,2219,1041,270,14,498,14,74,168,78,3,318,39,376,426,29,23
20-Dec-2020,37,110,162,102,15168,428,7937,87,93,570,2316,1051,275,14,511,14,79,192,81,3,320,40,389,434,30,27
21-Dec-2020,38,110,164,102,15429,475,8011,88,101,570,2423,1094,298,14,514,14,80,194,88,3,322,40,391,449,31,28
22-Dec-2020,39,111,164,102,15684,487,8111,97,106,580,2524,1098,325,14,523,14,80,215,88,3,323,40,398,458,33,30
23-Dec-2020,39,115,164,103,15785,499,8183,97,109,594,2562,1116,327,14,526,14,86,221,88,3,352,41,400,460,50,30
24-Dec-2020,39,115,164,105,16012,509,8215,97,109,595,2638,1119,327,14,530,14,86,232,88,4,352,43,404,464,61,31
25-Dec-2020,40,116,165,107,16197,528,8322,100,111,603,2685,1122,366,16,532,14,87,256,89,4,364,43,404,492,61,32
26-Dec-2020,40,122,165,111,16456,536,8400,104,119,644,2713,1160,379,17,565,14,88,256,95,4,383,44,405,513,61,32
27-Dec-2020,40,128,168,115,16702,538,8511,105,121,652,2743,1163,401,17,568,14,89,268,113,4,385,45,416,540,61,32
28-Dec-2020,40,133,171,116,16872,552,8654,107,121,679,2810,1164,475,17,572,14,89,268,114,4,387,46,442,563,69,32
29-Dec-2020,40,136,171,116,17113,564,8785,109,121,700,2866,1215,482,17,578,14,90,290,114,5,421,46,443,567,76,32
30-Dec-2020,40,138,172,119,17275,576,8883,113,122,700,2904,1258,501,17,599,14,91,298,115,5,456,48,445,589,77,32
31-Dec-2020,41,139,177,121,17476,594,8947,114,122,700,2918,1284,503,17,599,14,93,322,119,5,485,50,448,607,85,32
1-Jan-2021,41,139,180,121,17539,626,9164,114,130,713,2962,1315,556,17,629,14,109,323,123,5,511,50,450,642,91,32
2-Jan-2021,41,140,181,128,17803,628,9249,116,143,731,2998,1375,570,17,631,14,114,323,123,6,535,50,450,652,91,32
3-Jan-2021,41,140,183,156,17967,664,9322,120,146,736,3030,1403,617,17,639,14,116,349,125,6,541,52,450,676,97,32
4-Jan-2021,42,147,188,156,18050,672,9439,139,146,764,3064,1434,619,17,672,14,124,374,127,6,550,64,450,728,97,32
5-Jan-2021,42,147,191,161,18197,675,9518,144,146,771,3090,1472,641,19,674,14,128,376,127,6,554,65,451,741,104,32
6-Jan-2021,42,148,192,170,18425,699,9581,158,152,780,3114,1495,650,19,678,14,130,376,133,6,567,65,452,765,104,33
7-Jan-2021,47,151,195,180,18551,701,9725,163,154,805,3142,1516,655,20,680,19,146,403,133,6,567,69,452,784,117,38
8-Jan-2021,51,153,195,186,18733,726,9821,166,154,808,3213,1528,685,20,710,19,146,407,133,6,567,70,453,797,140,38
9-Jan-2021,59,155,195,191,18873,769,9905,172,157,834,3226,1592,706,27,715,19,148,422,137,6,567,72,454,811,141,38
10-Jan-2021,65,158,200,211,19030,780,10013,174,164,836,3245,1635,718,27,718,21,160,425,137,6,574,74,479,824,141,93
11-Jan-2021,65,159,201,211,19283,798,10067,189,166,843,3259,1725,723,27,719,21,165,456,140,7,574,76,481,828,152,93
12-Jan-2021,67,161,201,211,19481,826,10121,201,166,848,3324,1731,767,27,724,23,169,457,141,7,595,80,483,882,158,93
13-Jan-2021,74,166,210,228,19644,840,10255,202,166,869,3365,1760,786,27,739,23,176,458,152,7,599,86,496,900,175,102
14-Jan-2021,74,167,210,228,19794,863,10429,203,166,883,3405,1762,820,30,755,25,183,468,153,9,608,88,505,905,182,155
15-Jan-2021,79,170,211,238,20010,873,10544,204,166,907,3453,1853,836,30,767,29,216,481,154,10,609,99,505,908,196,171
16-Jan-2021,84,170,214,238,20253,929,10608,205,166,916,3508,1900,844,30,778,33,220,498,165,12,610,99,527,948,208,174
17-Jan-2021,84,173,222,240,20439,951,10853,213,166,917,3569,1913,878,30,785,33,220,501,176,12,616,104,539,970,210,195
18-Jan-2021,89,173,231,242,20670,961,11013,215,166,920,3647,1959,895,30,811,34,254,503,179,12,626,112,543,984,235,197
19-Jan-2021,92,174,239,255,20855,985,11179,220,166,926,3717,1999,899,32,821,49,268,538,184,12,646,112,563,1004,237,233
20-Jan-2021,92,181,254,265,20984,1012,11329,255,169,931,3748,2008,908,32,870,51,268,553,201,12,657,114,566,1005,285,240
21-Jan-2021,104,182,260,273,21185,1046,11507,258,169,949,3763,2016,932,32,876,51,284,577,204,12,657,114,568,1045,319,260
22-Jan-2021,106,184,263,278,21377,1098,11617,262,174,953,3815,2090,944,32,887,76,306,640,206,13,657,141,595,1047,333,285
23-Jan-2021,108,197,275,284,21703,1150,11764,278,181,976,3850,2137,946,34,918,76,356,646,210,14,657,142,599,1080,334,285
24-Jan-2021,110,202,280,291,21838,1180,11857,289,181,1017,3896,2165,955,34,924,86,361,697,226,14,680,144,605,1081,346,305
25-Jan-2021,113,205,285,296,22043,1189,12032,307,182,1026,3916,2220,978,34,964,109,371,754,235,14,685,145,615,1108,346,311
26-Jan-2021,115,208,298,311,22300,1219,12160,312,182,1037,3945,2321,1012,34,979,111,410,766,239,15,686,146,633,1110,359,314
27-Jan-2021,117,211,304,318,22452,1273,12278,318,184,1057,4090,2352,1028,34,1013,111,428,779,244,15,700,147,645,1126,367,314
28-Jan-2021,118,211,320,321,22707,1312,12392,319,187,1061,4207,2359,1034,35,1017,111,473,803,246,15,702,147,648,1193,369,314
29-Jan-2021,125,213,323,324,23017,1323,12505,332,189,1065,4242,2367,1040,35,1148,126,476,817,248,15,703,148,657,1194,377,315
30-Jan-2021,125,215,342,332,23211,1329,12694,333,192,1070,4273,2395,1054,35,1162,136,478,851,254,15,742,149,663,1200,378,317
31-Jan-2021,139,215,342,332,23360,1357,12820,333,192,1072,4321,2427,1067,35,1191,136,486,853,255,15,742,149,681,1206,404,317
1-Feb-2021,139,215,366,333,23570,1393,12956,341,192,1074,4381,2442,1109,35,1270,148,498,883,256,16,769,161,727,1262,405,319
2-Feb-2021,140,243,374,335,23815,1407,13097,353,193,1085,4467,2497,1114,35,1318,148,519,901,259,16,770,163,747,1276,405,325
3-Feb-2021,142,254,418,342,23974,1437,13286,369,196,1093,4505,2640,1131,36,1329,150,543,901,269,16,788,165,769,1280,406,326
4-Feb-2021,150,257,458,343,24168,1483,13452,376,202,1101,4563,2660,1146,36,1373,150,547,914,275,16,808,179,775,1283,409,328
5-Feb-2021,152,266,504,348,24386,1520,13552,380,204,1101,4635,2688,1156,37,1435,151,550,947,277,17,835,179,782,1287,409,329
6-Feb-2021,154,268,517,353,24592,1572,13706,411,204,1104,4675,2725,1177,38,1470,151,567,973,280,17,837,180,804,1296,409,329
7-Feb-2021,158,279,617,356,24798,1587,13774,415,204,1130,4703,2800,1186,38,1530,164,576,997,287,17,855,180,812,1300,420,333
8-Feb-2021,172,280,725,356,24958,1605,13896,460,204,1130,4739,2815,1194,38,1558,164,590,1080,292,17,855,181,819,1348,420,333
9-Feb-2021,174,280,824,363,25175,1619,14112,466,204,1132,4764,2902,1199,38,1566,164,598,1096,295,17,869,181,822,1373,420,336
10-Feb-2021,174,331,908,364,25362,1664,14357,468,205,1132,4838,2970,1204,40,1613,175,606,1102,296,17,869,181,843,1374,420,339
11-Feb-2021,204,332,938,368,25605,1717,14592,488,206,1139,4965,2978,1213,41,1654,175,615,1139,315,17,882,182,855,1426,423,339
12-Feb-2021,206,359,944,371,25866,1735,14749,489,206,1143,5059,3001,1253,44,1734,175,640,1190,317,17,909,182,870,1457,435,342
13-Feb-2021,206,360,948,396,26064,1759,14894,489,210,1153,5242,3086,1270,53,1823,188,644,1255,320,17,911,182,885,1468,435,344
14-Feb-2021,208,367,965,398,26307,1781,15099,496,217,1164,5358,3108,1276,54,1874,191,644,1287,321,18,911,190,946,1511,437,354
15-Feb-2021,209,382,975,399,26527,1785,15239,511,219,1169,5437,3279,1280,55,1911,191,648,1293,336,18,913,192,957,1545,438,354
16-Feb-2021,223,385,989,399,26644,1814,15452,511,221,1178,5567,3326,1298,76,1957,193,667,1322,337,20,963,192,959,1549,453,355
17-Feb-2021,223,402,993,426,26754,1835,15529,538,223,1181,5622,3464,1305,77,2022,198,671,1340,338,20,969,195,985,1633,454,356
18-Feb-2021,227,428,1060,426,26925,1852,15669,539,229,1183,5674,3573,1315,80,2040,198,702,1346,345,20,970,202,1011,1661,463,356
19-Feb-2021,227,428,1075,427,27085,1864,15813,539,230,1192,5788,3611,1327,88,2071,198,719,1358,346,20,974,202,1037,1721,464,356
20-Feb-2021,233,431,1129,436,27215,1875,15904,539,230,1193,5829,3694,1334,92,2077,199,730,1359,347,20,981,202,1040,1726,464,358
21-Feb-2021,244,435,1151,441,27323,1883,15956,542,238,1196,5911,3705,1355,99,2096,199,770,1382,347,20,991,203,1041,1776,464,358
22-Feb-2021,254,437,1166,449,27420,1898,16010,549,238,1201,5966,3757,1364,100,2108,200,788,1396,353,20,1030,203,1081,1813,471,358
23-Feb-2021,262,449,1189,450,27525,1921,16146,549,242,1201,5986,3779,1372,101,2131,200,796,1447,355,23,1031,206,1095,1849,471,358
24-Feb-2021,269,462,1204,456,27619,1937,16211,567,244,1210,6003,3815,1379,106,2160,201,804,1473,364,24,1082,207,1099,1888,471,358
25-Feb-2021,272,470,1245,458,27683,1947,16284,584,261,1210,6019,3840,1397,106,2170,226,818,1494,403,24,1082,209,1116,1936,475,358
26-Feb-2021,276,471,1245,467,27843,1961,16389,587,266,1218,6043,3843,1406,106,2194,226,825,1497,404,26,1105,209,1118,1966,475,358
27-Feb-2021,276,472,1265,469,27908,1977,16501,587,267,1220,6102,3857,1425,107,2229,226,850,1511,413,26,1137,209,1131,1979,475,358
28-Feb-2021,278,477,1266,470,27959,1994,16556,592,320,1222,6127,3899,1433,107,2233,226,859,1511,447,26,1138,210,1132,2051,475,358
1-Mar-2021,280,480,1277,471,28072,2013,16651,596,326,1222,6128,3906,1436,107,2294,227,866,1541,447,26,1141,210,1137,2075,477,361
2-Mar-2021,281,501,1277,473,28173,2037,16692,597,327,1222,6152,3932,1439,108,2316,227,875,1541,447,26,1180,212,1139,2086,477,361
3-Mar-2021,287,501,1290,494,28239,2052,16715,602,339,1229,6164,3938,1441,108,2353,231,877,1542,447,26,1181,212,1140,2149,478,362
4-Mar-2021,291,511,1294,495,28310,2073,16764,602,346,1230,6211,3946,1446,110,2399,231,880,1548,450,26,1181,213,1142,2160,478,362
5-Mar-2021,292,513,1297,498,28392,2092,16820,605,346,1235,6225,3960,1461,111,2400,231,900,1570,454,26,1181,213,1144,2237,478,362
6-Mar-2021,292,514,1306,498,28461,2103,16878,606,346,1238,6259,4005,1472,111,2401,232,911,1571,455,26,1199,214,1151,2286,478,362
7-Mar-2021,292,527,1310,498,28488,2111,16920,606,355,1246,6275,4012,1523,111,2412,246,913,1588,456,26,1215,217,1152,2353,478,362
8-Mar-2021,292,536,1342,514,28568,2116,16962,612,355,1247,6296,4021,1540,115,2431,248,920,1592,463,26,1219,217,1153,2402,484,362
9-Mar-2021,294,536,1344,518,28614,2142,17039,614,361,1249,6325,4040,1563,115,2437,248,927,1592,476,27,1225,222,1165,2424,484,362
10-Mar-2021,294,541,1352,526,28673,2171,17114,625,383,1252,6338,4049,1585,115,2447,248,930,1593,477,28,1232,225,1166,2425,484,362
11-Mar-2021,296,541,1361,528,28716,2188,17139,625,394,1253,6364,4058,1593,115,2452,265,942,1600,498,28,1236,225,1169,2448,484,362
12-Mar-2021,297,546,1363,533,28752,2200,17204,627,397,1256,6381,4072,1623,115,2461,266,951,1610,498,28,1236,228,1173,2507,484,368
13-Mar-2021,297,550,1367,538,28779,2234,17228,628,416,1263,6416,4090,1634,118,2473,266,953,1611,511,28,1236,229,1175,2554,485,382
14-Mar-2021,297,550,1374,543,28809,2286,17321,630,416,1263,6430,4100,1643,118,2477,266,956,1613,513,28,1245,229,1175,2590,494,385
15-Mar-2021,299,551,1380,545,28882,2316,17361,639,420,1263,6439,4104,1646,120,2486,268,956,1643,528,30,1246,229,1183,2608,504,385
16-Mar-2021,299,565,1393,545,28904,2316,17374,640,436,1271,6463,4108,1647,121,2494,268,979,1700,528,31,1247,231,1187,2640,504,386
17-Mar-2021,299,567,1397,549,28991,2338,17439,647,437,1272,6475,4112,1648,121,2495,274,981,1701,530,31,1249,231,1190,2652,504,386
18-Mar-2021,299,567,1406,556,29053,2358,17495,647,440,1275,6499,4114,1654,123,2499,274,987,1706,539,31,1254,231,1210,2672,504,386
19-Mar-2021,300,567,1430,557,29155,2379,17531,652,445,1276,6507,4116,1655,124,2509,274,990,1712,541,34,1270,231,1211,2679,504,387
20-Mar-2021,302,571,1436,567,29250,2384,17582,657,453,1277,6526,4130,1656,124,2519,274,1002,1722,544,34,1273,232,1211,2710,504,394
21-Mar-2021,302,572,1455,570,29276,2416,17653,657,459,1279,6549,4132,1658,125,2522,274,1016,1730,554,35,1288,232,1214,2740,506,402
22-Mar-2021,302,579,1468,573,29312,2423,17838,657,461,1280,6562,4158,1663,125,2523,274,1016,1731,568,36,1289,234,1217,2758,506,402
23-Mar-2021,302,579,1474,573,29340,2427,18079,661,461,1284,6564,4159,1665,125,2531,274,1023,1736,568,36,1298,234,1218,2758,524,402
24-Mar-2021,305,582,1476,582,29389,2445,18116,667,475,1287,6574,4165,1667,125,2548,278,1029,1742,576,7,1321,234,1218,2776,527,405
25-Mar-2021,305,582,1500,584,29472,2450,18146,686,496,1287,6574,4169,1670,126,2553,279,1029,1743,589,36,1322,234,1218,2786,527,407
26-Mar-2021,305,583,1502,585,29533,2451,18197,690,529,1288,6584,4178,1673,130,2572,279,1033,1743,589,41,1323,234,1223,2797,528,409
27-Mar-2021,305,584,1503,586,29589,2457,18232,690,607,1288,6597,4180,1676,130,2574,279,1034,1752,594,41,1340,235,1227,2810,528,409
28-Mar-2021,317,611,1516,586,29636,2461,18272,707,612,1288,6611,4183,1679,130,2580,279,1039,1753,606,41,1340,237,1229,2841,528,409
29-Mar-2021,320,617,1526,586,29695,2464,18290,712,721,1289,6621,4187,1679,130,2590,281,1039,1760,609,41,1340,237,1234,2841,528,411
30-Mar-2021,323,622,1541,588,29722,2466,18315,723,767,1289,6634,4192,1679,131,2593,281,1046,1763,611,43,1341,237,1234,2861,539,412
31-Mar-2021,323,622,1544,588,29750,2468,18335,723,788,1289,6649,4194,1695,132,2599,281,1054,1764,618,45,1345,237,1236,2866,539,419
1-Apr-2021,323,625,1547,588,29808,2469,18347,723,797,1289,6651,4198,1696,132,2602,286,1057,1765,620,51,1352,239,1236,2866,539,419
2-Apr-2021,325,625,1548,588,29867,2477,18384,728,818,1289,6677,4200,1705,132,2606,287,1058,1784,620,51,1356,239,1238,2890,548,419
3-Apr-2021,327,631,1549,588,29900,2478,18420,732,846,1289,6687,4203,1706,132,2614,287,1058,1794,621,51,1366,239,1239,2892,550,421
4-Apr-2021,327,631,1552,588,29963,2478,18451,735,848,1289,6706,4206,1706,132,2616,287,1059,1806,621,54,1366,239,1244,2903,553,422
5-Apr-2021,329,636,1554,588,29990,2482,18469,736,855,1292,6719,4207,1707,134,2640,287,1059,1806,623,58,1366,239,1246,2921,553,422
6-Apr-2021,329,636,1554,588,30037,2485,18473,737,867,1292,6723,4212,1709,134,2646,287,1060,1808,628,60,1366,239,1252,2931,553,430
7-Apr-2021,331,652,1554,588,30057,2490,18512,737,882,1292,6734,4215,1710,134,2647,287,1060,1813,631,60,1369,239,1255,2931,553,431
8-Apr-2021,332,652,1554,590,30083,2495,18519,737,900,1292,6736,4224,1710,134,2662,287,1061,1817,631,60,1388,239,1255,2964,553,431
9-Apr-2021,332,654,1558,590,30116,2498,18553,737,976,1292,6742,4224,1710,134,2662,287,1063,1817,636,60,1388,240,1255,2981,553,431
10-Apr-2021,332,654,1559,591,30164,2501,18573,743,1117,1293,6756,4242,1713,138,2672,289,1064,1829,636,60,1388,240,1261,2993,553,432
11-Apr-2021,332,654,1566,591,30170,2501,18580,749,1159,1293,6763,4246,1713,138,2694,289,1064,1829,636,60,1389,240,1261,2995,553,432
12-Apr-2021,332,655,1570,592,30316,2509,18623,755,1185,1293,6769,4253,1715,141,2750,290,1064,1834,637,61,1389,243,1279,2996,553,432
13-Apr-2021,335,655,1570,596,30373,2511,18636,759,1227,1293,6781,4260,1715,142,2777,290,1064,1834,637,61,1391,243,1291,3032,553,432
14-Apr-2021,335,655,1570,596,30373,2511,18636,759,1227,1293,6781,4260,1715,142,2777,290,1064,1834,637,61,1391,243,1291,3032,553,432
15-Apr-2021,335,655,1570,596,30373,2511,18636,759,1227,1293,6781,4260,1715,142,2777,290,1064,1834,637,61,1391,243,1291,3032,553,432
16-Apr-2021,335,655,1572,597,30426,2512,18648,759,1243,1293,6783,4263,1715,142,2844,292,1076,1834,637,61,1398,245,1304,3039,553,433
17-Apr-2021,335,655,1572,597,30457,2513,18666,760,1276,1294,6784,4275,1715,143,2878,292,1076,1834,637,62,1399,245,1304,3040,573,433
18-Apr-2021,335,656,1572,597,30495,2515,18683,760,1281,1295,6805,4276,1716,143,2892,292,1077,1835,637,62,1400,245,1311,3047,573,433
19-Apr-2021,335,660,1572,598,30607,2519,18733,761,1312,1295,6815,4277,1718,143,2953,293,1078,1845,642,62,1400,246,1326,3062,575,436
20-Apr-2021,336,667,1572,598,30689,2530,18769,764,1325,1295,6825,4284,1719,146,3129,294,1079,1845,645,62,1400,246,1348,3069,575,436
21-Apr-2021,336,678,1574,598,30790,2531,18791,764,1332,1295,6846,4304,1725,146,3158,294,1083,1845,645,62,1405,255,1381,3070,575,436
22-Apr-2021,336,679,1574,598,30866,2567,18843,774,1339,1295,6865,4307,1729,146,3221,294,1087,1847,652,62,1406,256,1389,3076,587,436
23-Apr-2021,336,686,1577,598,30993,2578,18906,786,1354,1295,6902,4312,1732,146,3312,299,1090,1850,657,63,1428,256,1465,3084,591,436
24-Apr-2021,337,687,1578,598,31095,2610,19027,801,1370,1295,6967,4325,1734,146,3504,299,1109,1861,665,63,1428,256,1488,3098,602,436
25-Apr-2021,343,707,1580,599,31327,2634,19201,830,1377,1303,7008,4334,1745,146,3757,299,1140,1867,675,63,1445,258,1493,3098,612,448
26-Apr-2021,346,707,1581,599,31578,2661,19359,841,1392,1304,7109,4364,1745,146,3869,299,1178,1873,704,66,1448,258,1516,3130,615,448
27-Apr-2021,359,708,1581,599,31754,2677,19480,844,1397,1306,7189,4373,1759,147,3977,299,1272,1880,737,67,1453,259,1556,3148,618,463
28-Apr-2021,359,720,1581,599,31893,2748,19654,864,1398,1306,7312,4446,1759,147,4107,299,1288,1911,788,67,1518,260,1565,3152,620,463
29-Apr-2021,360,726,1597,604,32065,2794,19862,868,1413,1311,7393,4503,1760,148,4312,302,1401,1921,813,68,1540,263,1590,3158,672,465
30-Apr-2021,362,731,1605,610,32504,2824,20093,891,1426,1311,7536,4598,1765,148,4409,302,1519,1934,884,68,1565,265,1627,3175,716,466
1-May-2021,362,733,1618,611,32820,2872,20281,894,1441,1314,7836,4669,1792,151,4614,305,1544,1987,913,69,1570,320,1680,3208,726,469
2-May-2021,400,737,1658,611,33203,2986,20575,932,1441,1314,7956,4746,1804,151,4707,305,1612,2013,993,69,1713,324,1704,3214,745,471
3-May-2021,400,742,1680,636,33594,3031,20856,936,1450,1314,8308,4836,1821,151,4832,311,1637,2044,1054,69,1721,331,1743,3313,748,473
4-May-2021,402,797,1695,637,34235,3099,21223,963,1457,1314,8487,4842,1825,159,4940,315,1754,2094,1073,72,1763,338,1776,3321,811,478
5-May-2021,411,840,1753,643,34848,3225,21540,1001,1469,1315,8636,4910,1830,165,5020,316,1804,2160,1109,75,1841,353,1811,3365,826,481
6-May-2021,413,900,1776,644,35425,3294,21872,1057,1492,1315,8774,4989,1837,165,5171,317,1919,2187,1137,76,1894,388,1842,3372,851,488
7-May-2021,416,934,1803,645,35868,3406,22227,1066,1525,1316,9131,5076,1843,168,5235,317,2014,2230,1147,76,1901,446,1913,3402,867,497
8-May-2021,445,939,1863,650,36399,3464,22493,1073,1545,1316,9348,5172,1849,174,5416,324,2030,2308,1207,76,1933,447,1984,3481,877,501
9-May-2021,446,957,1879,650,36773,3567,22840,1085,1562,1317,9704,5262,1870,209,5659,338,2036,2351,1238,77,1938,458,1995,3570,883,502
10-May-2021,450,958,1922,650,37130,3661,23171,1150,1575,1319,9863,5379,1874,210,5708,339,2103,2426,1257,77,1986,459,2017,3908,883,502
11-May-2021,450,988,1947,650,38017,3779,23579,1192,1594,1320,10231,5398,1879,212,5857,341,2169,2517,1358,77,2006,496,2059,4069,883,510
12-May-2021,452,1028,1953,651,38429,3907,24195,1207,1646,1321,10609,5468,1888,236,6067,341,2308,2566,1399,80,2067,542,2152,4137,896,511
13-May-2021,502,1057,2117,667,39056,3941,24715,1220,1649,1323,10784,5577,1896,238,6306,341,2450,2650,1512,80,2083,544,2270,4174,908,514
14-May-2021,511,1074,2130,667,39626,4016,25267,1232,1720,1323,11142,5685,1911,247,6393,341,2566,2718,1528,89,2138,554,2329,4284,909,519
15-May-2021,511,1114,2158,667,40272,4215,25628,1277,1801,1323,11451,5829,1918,260,6518,344,2568,2764,1542,98,2220,559,2354,4330,911,523
16-May-2021,516,1119,2203,675,40862,4336,26053,1376,1843,1323,11718,5916,1979,260,6670,344,2647,2817,1592,98,2224,559,2382,4368,933,524
17-May-2021,528,1121,2302,682,41206,4538,26353,1405,1886,1323,12129,6014,1985,270,6901,346,2669,3007,1641,105,2442,561,2429,4385,938,542
18-May-2021,531,1141,2313,685,41589,4709,27050,1445,1889,1332,12365,6042,1992,284,7077,347,2697,3056,1647,111,2498,566,2494,4535,947,542