,date,AMPARA,ANURADHAPURA,BADULLA,BATTICOLOA,COLOMBO,GALLE,GAMPAHA,HAMBANTOTA,JAFFNA,KALMUNAI,KALUTARA,KANDY,KEGALLE,KILINOCHCHI,KURUNEGALA,MANNAR,MATALE,MATARA,MONERAGALA,MULLATIVU,NUWARAELIYA,POLONNARUWA,PUTTALAM,RATNAPURA,TRINCOMALEE,VAVUNIA,new_tests,new_cases
0,2020-04-01,0.0,0.0,0.0,0.0,0.0,0.0,0.0,0.0,0.0,0.0,0.0,0.0,0.0,0.0,0.0,0.0,0.0,0.0,0.0,0.0,0.0,0.0,0.0,0.0,0.0,0.0,219.0,3.0
1,2020-04-02,0.0,0.0,0.0,0.0,1.0,0.0,0.0,0.0,3.0,0.0,0.0,0.0,0.0,0.0,1.0,0.0,0.0,0.0,0.0,0.0,0.0,0.0,0.0,0.0,0.0,0.0,250.0,5.0
2,2020-04-03,0.0,0.0,0.0,0.0,3.0,0.0,0.0,0.0,0.0,0.0,0.0,0.0,0.0,0.0,0.0,0.0,0.0,0.0,0.0,0.0,0.0,0.0,0.0,0.0,0.0,0.0,311.0,8.0
3,2020-04-04,0.0,0.0,0.0,0.0,2.0,0.0,0.0,0.0,3.0,0.0,1.0,0.0,0.0,0.0,0.0,0.0,0.0,0.0,0.0,0.0,0.0,0.0,1.0,0.0,0.0,0.0,295.0,7.0
4,2020-04-05,0.0,0.0,0.0,0.0,4.0,0.0,0.0,0.0,0.0,0.0,0.0,2.0,0.0,0.0,0.0,0.0,0.0,0.0,0.0,0.0,0.0,0.0,1.0,0.0,0.0,0.0,324.0,10.0
5,2020-04-06,0.0,0.0,0.0,0.0,2.0,0.0,2.0,0.0,0.0,0.0,0.0,1.0,0.0,0.0,0.0,0.0,0.0,1.0,0.0,0.0,0.0,0.0,4.0,0.0,0.0,0.0,394.0,2.0
6,2020-04-07,0.0,0.0,0.0,0.0,0.0,0.0,0.0,0.0,0.0,0.0,1.0,0.0,0.0,0.0,1.0,0.0,0.0,0.0,0.0,0.0,0.0,0.0,0.0,0.0,0.0,0.0,353.0,7.0
7,2020-04-08,0.0,0.0,0.0,0.0,0.0,0.0,3.0,0.0,0.0,0.0,0.0,0.0,0.0,0.0,0.0,0.0,0.0,0.0,0.0,0.0,0.0,0.0,3.0,0.0,0.0,0.0,376.0,4.0
8,2020-04-09,0.0,0.0,0.0,0.0,0.0,0.0,0.0,0.0,0.0,1.0,0.0,0.0,0.0,0.0,0.0,0.0,0.0,0.0,0.0,0.0,0.0,0.0,0.0,2.0,0.0,0.0,287.0,1.0
9,2020-04-10,0.0,0.0,0.0,0.0,0.0,0.0,0.0,0.0,0.0,0.0,1.0,0.0,0.0,0.0,0.0,0.0,0.0,0.0,0.0,0.0,0.0,0.0,0.0,0.0,0.0,0.0,397.0,0.0
10,2020-04-11,0.0,0.0,0.0,0.0,1.0,0.0,6.0,0.0,0.0,0.0,0.0,0.0,0.0,0.0,0.0,0.0,0.0,0.0,0.0,0.0,0.0,0.0,0.0,0.0,0.0,0.0,393.0,8.0
11,2020-04-12,0.0,0.0,0.0,0.0,0.0,0.0,1.0,0.0,0.0,1.0,1.0,0.0,0.0,0.0,-1.0,0.0,0.0,0.0,0.0,0.0,0.0,0.0,0.0,0.0,0.0,0.0,609.0,12.0
12,2020-04-13,0.0,0.0,0.0,0.0,0.0,0.0,1.0,0.0,0.0,0.0,9.0,0.0,1.0,0.0,0.0,0.0,0.0,0.0,0.0,0.0,0.0,0.0,0.0,0.0,0.0,0.0,431.0,7.0
13,2020-04-14,0.0,0.0,0.0,0.0,0.0,0.0,1.0,0.0,0.0,0.0,7.0,0.0,0.0,0.0,0.0,0.0,0.0,0.0,0.0,0.0,0.0,0.0,0.0,0.0,0.0,0.0,342.0,16.0
14,2020-04-15,0.0,0.0,0.0,0.0,2.0,0.0,1.0,0.0,6.0,0.0,1.0,0.0,0.0,0.0,0.0,0.0,0.0,0.0,0.0,0.0,0.0,0.0,1.0,0.0,0.0,0.0,465.0,5.0
15,2020-04-16,0.0,0.0,0.0,0.0,2.0,0.0,2.0,0.0,1.0,0.0,0.0,0.0,0.0,0.0,0.0,0.0,0.0,0.0,0.0,0.0,0.0,0.0,0.0,0.0,0.0,1.0,548.0,0.0
16,2020-04-17,0.0,0.0,0.0,0.0,0.0,0.0,0.0,0.0,2.0,0.0,0.0,0.0,0.0,0.0,0.0,0.0,0.0,0.0,0.0,0.0,0.0,0.0,0.0,0.0,0.0,0.0,710.0,6.0
17,2020-04-18,0.0,0.0,0.0,0.0,6.0,0.0,0.0,0.0,0.0,0.0,0.0,0.0,0.0,0.0,0.0,0.0,0.0,0.0,0.0,0.0,0.0,0.0,0.0,0.0,0.0,0.0,522.0,10.0
18,2020-04-19,0.0,0.0,0.0,0.0,6.0,0.0,3.0,0.0,0.0,0.0,0.0,0.0,1.0,0.0,0.0,0.0,0.0,0.0,0.0,0.0,0.0,0.0,0.0,0.0,0.0,0.0,702.0,17.0
19,2020-04-20,0.0,0.0,0.0,0.0,16.0,0.0,1.0,0.0,0.0,0.0,0.0,0.0,0.0,0.0,0.0,0.0,0.0,0.0,0.0,0.0,0.0,0.0,0.0,0.0,0.0,0.0,642.0,33.0
20,2020-04-21,0.0,0.0,0.0,0.0,33.0,0.0,0.0,0.0,0.0,0.0,0.0,0.0,0.0,0.0,0.0,0.0,0.0,0.0,0.0,0.0,0.0,0.0,0.0,0.0,0.0,0.0,650.0,6.0
21,2020-04-22,0.0,0.0,0.0,0.0,5.0,0.0,0.0,0.0,0.0,0.0,0.0,0.0,1.0,0.0,0.0,0.0,0.0,0.0,0.0,0.0,0.0,0.0,0.0,0.0,0.0,0.0,774.0,20.0
22,2020-04-23,0.0,0.0,0.0,0.0,5.0,0.0,1.0,0.0,0.0,0.0,13.0,0.0,0.0,0.0,0.0,0.0,0.0,0.0,0.0,0.0,0.0,1.0,0.0,0.0,0.0,0.0,1141.0,38.0
23,2020-04-24,0.0,0.0,0.0,0.0,10.0,0.0,0.0,0.0,0.0,0.0,0.0,0.0,0.0,0.0,0.0,0.0,0.0,0.0,0.0,0.0,0.0,0.0,0.0,0.0,0.0,0.0,876.0,52.0
24,2020-04-25,0.0,2.0,0.0,0.0,12.0,0.0,0.0,0.0,0.0,0.0,1.0,0.0,0.0,0.0,3.0,0.0,1.0,0.0,1.0,0.0,0.0,0.0,0.0,1.0,0.0,0.0,816.0,40.0
25,2020-04-26,0.0,0.0,0.0,0.0,2.0,0.0,1.0,0.0,0.0,0.0,0.0,0.0,1.0,0.0,7.0,0.0,0.0,0.0,1.0,0.0,0.0,0.0,2.0,1.0,0.0,0.0,1075.0,63.0
26,2020-04-27,0.0,0.0,0.0,0.0,1.0,0.0,0.0,0.0,0.0,0.0,4.0,4.0,2.0,0.0,3.0,0.0,0.0,0.0,2.0,0.0,0.0,0.0,2.0,0.0,1.0,1.0,1869.0,65.0
27,2020-04-28,0.0,0.0,0.0,0.0,0.0,0.0,0.0,0.0,0.0,0.0,0.0,1.0,1.0,0.0,3.0,0.0,0.0,0.0,0.0,0.0,0.0,0.0,2.0,0.0,0.0,0.0,1139.0,31.0
28,2020-04-29,0.0,0.0,0.0,0.0,0.0,0.0,0.0,0.0,0.0,0.0,0.0,1.0,0.0,0.0,2.0,0.0,0.0,0.0,0.0,0.0,0.0,0.0,0.0,1.0,0.0,0.0,1545.0,30.0
29,2020-04-30,0.0,0.0,0.0,0.0,2.0,0.0,0.0,0.0,0.0,0.0,2.0,2.0,0.0,0.0,3.0,0.0,0.0,0.0,0.0,0.0,0.0,0.0,0.0,0.0,1.0,0.0,1397.0,14.0
30,2020-05-01,0.0,0.0,0.0,0.0,1.0,0.0,0.0,0.0,0.0,0.0,0.0,0.0,0.0,0.0,0.0,0.0,0.0,0.0,0.0,0.0,0.0,0.0,0.0,0.0,0.0,0.0,1107.0,27.0
31,2020-05-02,0.0,0.0,0.0,0.0,1.0,0.0,0.0,0.0,0.0,0.0,0.0,0.0,0.0,0.0,4.0,0.0,0.0,0.0,0.0,0.0,0.0,0.0,0.0,0.0,0.0,0.0,1681.0,15.0
32,2020-05-03,0.0,0.0,0.0,0.0,0.0,0.0,0.0,0.0,0.0,0.0,0.0,6.0,2.0,0.0,2.0,0.0,3.0,0.0,1.0,0.0,1.0,2.0,0.0,0.0,2.0,0.0,1636.0,13.0
33,2020-05-04,0.0,0.0,0.0,0.0,0.0,0.0,0.0,0.0,0.0,0.0,0.0,0.0,0.0,0.0,0.0,0.0,0.0,0.0,0.0,0.0,0.0,0.0,0.0,0.0,0.0,0.0,1045.0,33.0
34,2020-05-05,0.0,0.0,0.0,0.0,1.0,0.0,1.0,0.0,0.0,0.0,0.0,0.0,0.0,0.0,0.0,0.0,0.0,0.0,0.0,0.0,0.0,0.0,0.0,0.0,0.0,0.0,1491.0,20.0
35,2020-05-06,0.0,0.0,0.0,0.0,0.0,0.0,0.0,0.0,0.0,0.0,0.0,0.0,0.0,0.0,0.0,0.0,0.0,0.0,0.0,0.0,0.0,0.0,0.0,0.0,0.0,0.0,1147.0,26.0
36,2020-05-07,0.0,0.0,0.0,0.0,0.0,0.0,1.0,0.0,0.0,0.0,0.0,0.0,0.0,0.0,0.0,0.0,2.0,0.0,0.0,0.0,0.0,0.0,0.0,0.0,0.0,0.0,1553.0,27.0
37,2020-05-08,0.0,0.0,0.0,0.0,0.0,0.0,0.0,0.0,0.0,0.0,0.0,0.0,0.0,0.0,0.0,0.0,0.0,0.0,0.0,0.0,0.0,0.0,0.0,0.0,0.0,0.0,1821.0,11.0
38,2020-05-09,0.0,0.0,0.0,0.0,0.0,0.0,0.0,0.0,0.0,0.0,0.0,0.0,0.0,0.0,0.0,0.0,0.0,0.0,0.0,0.0,0.0,0.0,0.0,0.0,0.0,0.0,1424.0,12.0
39,2020-05-10,0.0,0.0,0.0,0.0,0.0,0.0,0.0,0.0,0.0,0.0,0.0,0.0,0.0,0.0,0.0,0.0,0.0,0.0,0.0,0.0,0.0,0.0,0.0,0.0,0.0,0.0,1282.0,16.0
40,2020-05-11,0.0,0.0,0.0,0.0,0.0,0.0,0.0,0.0,0.0,0.0,0.0,0.0,0.0,0.0,0.0,0.0,0.0,0.0,0.0,0.0,0.0,0.0,0.0,0.0,0.0,0.0,1057.0,6.0
41,2020-05-12,0.0,0.0,0.0,0.0,0.0,0.0,0.0,0.0,0.0,0.0,0.0,0.0,0.0,0.0,0.0,0.0,0.0,0.0,0.0,0.0,0.0,0.0,0.0,0.0,0.0,0.0,1078.0,20.0
42,2020-05-13,0.0,0.0,0.0,0.0,0.0,0.0,0.0,0.0,0.0,0.0,0.0,0.0,0.0,0.0,0.0,0.0,0.0,0.0,0.0,0.0,0.0,0.0,0.0,0.0,0.0,0.0,889.0,26.0
43,2020-05-14,0.0,0.0,0.0,0.0,0.0,0.0,0.0,0.0,0.0,0.0,0.0,0.0,0.0,0.0,0.0,0.0,0.0,0.0,0.0,0.0,0.0,0.0,0.0,0.0,0.0,0.0,1489.0,10.0
44,2020-05-15,0.0,0.0,0.0,0.0,0.0,0.0,0.0,0.0,0.0,0.0,0.0,0.0,0.0,0.0,0.0,0.0,0.0,0.0,0.0,0.0,0.0,0.0,0.0,0.0,0.0,0.0,938.0,10.0
45,2020-05-16,0.0,0.0,0.0,0.0,0.0,0.0,0.0,0.0,0.0,0.0,0.0,0.0,0.0,0.0,0.0,0.0,0.0,0.0,0.0,0.0,0.0,0.0,0.0,0.0,0.0,0.0,1081.0,25.0
46,2020-05-17,0.0,0.0,0.0,0.0,0.0,0.0,0.0,0.0,0.0,0.0,0.0,0.0,0.0,0.0,0.0,0.0,0.0,0.0,0.0,0.0,0.0,0.0,0.0,0.0,0.0,0.0,1254.0,21.0
47,2020-05-18,0.0,0.0,0.0,0.0,0.0,0.0,0.0,0.0,0.0,0.0,0.0,0.0,0.0,0.0,0.0,0.0,0.0,0.0,0.0,0.0,0.0,0.0,0.0,0.0,0.0,0.0,960.0,11.0
48,2020-05-19,0.0,0.0,0.0,0.0,0.0,0.0,0.0,0.0,0.0,0.0,0.0,0.0,0.0,0.0,0.0,0.0,0.0,0.0,0.0,0.0,0.0,0.0,0.0,0.0,0.0,0.0,1062.0,35.0
49,2020-05-20,0.0,0.0,0.0,0.0,0.0,0.0,0.0,0.0,0.0,0.0,0.0,0.0,0.0,0.0,0.0,0.0,0.0,0.0,0.0,0.0,0.0,0.0,0.0,0.0,0.0,0.0,1108.0,1.0
50,2020-05-21,0.0,0.0,0.0,0.0,0.0,0.0,0.0,0.0,0.0,0.0,0.0,0.0,0.0,0.0,0.0,0.0,0.0,0.0,0.0,0.0,0.0,0.0,0.0,0.0,0.0,0.0,1603.0,27.0
51,2020-05-22,0.0,0.0,0.0,0.0,0.0,0.0,0.0,0.0,0.0,0.0,0.0,0.0,0.0,0.0,0.0,0.0,0.0,0.0,0.0,0.0,0.0,0.0,0.0,0.0,0.0,0.0,1970.0,13.0
52,2020-05-23,0.0,0.0,0.0,0.0,0.0,0.0,0.0,0.0,0.0,0.0,0.0,0.0,0.0,0.0,0.0,0.0,0.0,0.0,0.0,0.0,0.0,0.0,0.0,0.0,0.0,0.0,1998.0,21.0
53,2020-05-24,0.0,0.0,0.0,0.0,0.0,0.0,0.0,0.0,0.0,0.0,0.0,0.0,0.0,0.0,0.0,0.0,0.0,0.0,0.0,0.0,0.0,0.0,0.0,0.0,0.0,0.0,1742.0,52.0
54,2020-05-25,0.0,0.0,0.0,0.0,0.0,0.0,0.0,0.0,0.0,0.0,0.0,0.0,0.0,0.0,0.0,0.0,0.0,0.0,0.0,0.0,0.0,0.0,0.0,0.0,0.0,0.0,1347.0,41.0
55,2020-05-26,0.0,0.0,0.0,0.0,0.0,0.0,0.0,0.0,0.0,0.0,0.0,0.0,0.0,0.0,0.0,0.0,0.0,0.0,0.0,0.0,0.0,0.0,0.0,0.0,0.0,0.0,1146.0,137.0
56,2020-05-27,0.0,0.0,0.0,0.0,0.0,0.0,0.0,0.0,0.0,0.0,0.0,0.0,0.0,0.0,0.0,0.0,0.0,0.0,0.0,0.0,0.0,0.0,0.0,0.0,0.0,0.0,1838.0,150.0
57,2020-05-28,0.0,0.0,0.0,0.0,0.0,0.0,0.0,0.0,0.0,0.0,0.0,0.0,0.0,0.0,0.0,0.0,0.0,0.0,0.0,0.0,0.0,0.0,0.0,0.0,0.0,0.0,1713.0,61.0
58,2020-05-29,0.0,0.0,0.0,0.0,0.0,0.0,0.0,0.0,0.0,0.0,0.0,0.0,0.0,0.0,0.0,0.0,0.0,0.0,0.0,0.0,0.0,0.0,0.0,0.0,0.0,0.0,1330.0,28.0
59,2020-05-30,0.0,0.0,0.0,0.0,0.0,0.0,0.0,0.0,0.0,0.0,0.0,0.0,0.0,0.0,0.0,0.0,0.0,0.0,0.0,0.0,0.0,0.0,0.0,0.0,0.0,0.0,1727.0,62.0
60,2020-05-31,0.0,0.0,0.0,0.0,0.0,0.0,0.0,0.0,0.0,0.0,0.0,0.0,0.0,0.0,0.0,0.0,0.0,0.0,0.0,0.0,0.0,0.0,0.0,0.0,0.0,0.0,1420.0,13.0
61,2020-06-01,0.0,0.0,0.0,0.0,0.0,0.0,0.0,0.0,0.0,0.0,0.0,0.0,0.0,0.0,0.0,0.0,0.0,0.0,0.0,0.0,0.0,0.0,0.0,0.0,0.0,0.0,1066.0,10.0
62,2020-06-02,0.0,0.0,0.0,0.0,0.0,0.0,0.0,0.0,0.0,0.0,0.0,0.0,0.0,0.0,0.0,0.0,0.0,0.0,0.0,0.0,0.0,0.0,0.0,0.0,0.0,0.0,1783.0,40.0
63,2020-06-03,0.0,0.0,0.0,0.0,0.0,0.0,0.0,0.0,0.0,0.0,0.0,0.0,0.0,0.0,0.0,0.0,0.0,0.0,0.0,0.0,0.0,0.0,0.0,0.0,0.0,0.0,2086.0,66.0
64,2020-06-04,0.0,0.0,0.0,0.0,0.0,0.0,0.0,0.0,0.0,0.0,0.0,0.0,0.0,0.0,0.0,0.0,0.0,0.0,0.0,0.0,0.0,0.0,0.0,0.0,0.0,0.0,1890.0,48.0
65,2020-06-05,0.0,0.0,0.0,0.0,0.0,0.0,0.0,0.0,0.0,0.0,0.0,0.0,0.0,0.0,0.0,0.0,0.0,0.0,0.0,0.0,0.0,0.0,0.0,0.0,0.0,0.0,1816.0,4.0
66,2020-06-06,0.0,0.0,0.0,0.0,0.0,0.0,0.0,0.0,0.0,0.0,0.0,0.0,0.0,0.0,0.0,0.0,0.0,0.0,0.0,0.0,0.0,0.0,0.0,0.0,0.0,0.0,1243.0,13.0
67,2020-06-07,0.0,0.0,0.0,0.0,0.0,0.0,0.0,0.0,0.0,0.0,0.0,0.0,0.0,0.0,0.0,0.0,0.0,0.0,0.0,0.0,0.0,0.0,0.0,0.0,0.0,0.0,1718.0,21.0
68,2020-06-08,0.0,0.0,0.0,0.0,0.0,0.0,0.0,0.0,0.0,0.0,0.0,0.0,0.0,0.0,0.0,0.0,0.0,0.0,0.0,0.0,0.0,0.0,0.0,0.0,0.0,0.0,1766.0,22.0
69,2020-06-09,0.0,0.0,0.0,0.0,0.0,0.0,0.0,0.0,0.0,0.0,0.0,0.0,0.0,0.0,0.0,0.0,0.0,0.0,0.0,0.0,0.0,0.0,0.0,0.0,0.0,0.0,1579.0,2.0
70,2020-06-10,0.0,0.0,0.0,0.0,0.0,0.0,0.0,0.0,0.0,0.0,0.0,0.0,0.0,0.0,0.0,0.0,0.0,0.0,0.0,0.0,0.0,0.0,0.0,0.0,0.0,0.0,1433.0,10.0
71,2020-06-11,0.0,0.0,0.0,0.0,0.0,0.0,0.0,0.0,0.0,0.0,0.0,0.0,0.0,0.0,0.0,0.0,0.0,0.0,0.0,0.0,0.0,0.0,0.0,0.0,0.0,0.0,1677.0,8.0
72,2020-06-12,0.0,0.0,0.0,0.0,0.0,0.0,0.0,0.0,0.0,0.0,0.0,0.0,0.0,0.0,0.0,0.0,0.0,0.0,0.0,0.0,0.0,0.0,0.0,0.0,0.0,0.0,1390.0,3.0
73,2020-06-13,0.0,0.0,0.0,0.0,0.0,0.0,0.0,0.0,0.0,0.0,0.0,0.0,0.0,0.0,0.0,0.0,0.0,0.0,0.0,0.0,0.0,0.0,0.0,0.0,0.0,0.0,1165.0,4.0
74,2020-06-14,0.0,0.0,0.0,0.0,0.0,0.0,0.0,0.0,0.0,0.0,0.0,0.0,0.0,0.0,0.0,0.0,0.0,0.0,0.0,0.0,0.0,0.0,0.0,0.0,0.0,0.0,1116.0,5.0
75,2020-06-15,0.0,0.0,0.0,0.0,0.0,0.0,0.0,0.0,0.0,0.0,0.0,0.0,0.0,0.0,0.0,0.0,0.0,0.0,0.0,0.0,0.0,0.0,0.0,0.0,0.0,0.0,1651.0,16.0
76,2020-06-16,0.0,0.0,0.0,0.0,0.0,0.0,0.0,0.0,0.0,0.0,0.0,0.0,0.0,0.0,0.0,0.0,0.0,0.0,0.0,0.0,0.0,0.0,0.0,0.0,0.0,0.0,1276.0,10.0
77,2020-06-18,0.0,0.0,0.0,0.0,0.0,0.0,0.0,0.0,0.0,0.0,0.0,0.0,0.0,0.0,0.0,0.0,0.0,0.0,0.0,0.0,0.0,0.0,0.0,0.0,0.0,0.0,1374.0,23.0
78,2020-06-19,0.0,0.0,0.0,0.0,0.0,0.0,0.0,0.0,0.0,0.0,0.0,0.0,0.0,0.0,0.0,0.0,0.0,0.0,0.0,0.0,0.0,0.0,0.0,0.0,0.0,0.0,1495.0,3.0
79,2020-06-20,0.0,0.0,0.0,0.0,0.0,0.0,0.0,0.0,0.0,0.0,0.0,0.0,0.0,0.0,0.0,0.0,0.0,0.0,0.0,0.0,0.0,0.0,0.0,0.0,0.0,0.0,827.0,0.0
80,2020-06-21,0.0,0.0,0.0,0.0,0.0,0.0,0.0,0.0,0.0,0.0,0.0,0.0,0.0,0.0,0.0,0.0,0.0,0.0,0.0,0.0,0.0,0.0,0.0,0.0,0.0,0.0,1181.0,0.0
81,2020-06-22,0.0,0.0,0.0,0.0,0.0,0.0,0.0,0.0,0.0,0.0,0.0,0.0,0.0,0.0,0.0,0.0,0.0,0.0,0.0,0.0,0.0,0.0,0.0,0.0,0.0,0.0,1134.0,1.0
82,2020-06-23,0.0,0.0,0.0,0.0,0.0,0.0,0.0,0.0,0.0,0.0,0.0,0.0,0.0,0.0,0.0,0.0,0.0,0.0,0.0,0.0,0.0,0.0,0.0,0.0,0.0,0.0,1232.0,40.0
83,2020-06-24,0.0,0.0,0.0,0.0,0.0,0.0,0.0,0.0,0.0,0.0,0.0,0.0,0.0,0.0,0.0,0.0,0.0,0.0,0.0,0.0,0.0,0.0,0.0,0.0,0.0,0.0,1349.0,10.0
84,2020-06-25,0.0,0.0,0.0,0.0,0.0,0.0,0.0,0.0,0.0,0.0,0.0,0.0,0.0,0.0,0.0,0.0,0.0,0.0,0.0,0.0,0.0,0.0,0.0,0.0,0.0,0.0,1243.0,9.0
85,2020-06-26,0.0,0.0,0.0,0.0,0.0,0.0,0.0,0.0,0.0,0.0,0.0,0.0,0.0,0.0,0.0,0.0,0.0,0.0,0.0,0.0,0.0,0.0,0.0,0.0,0.0,0.0,1439.0,4.0
86,2020-06-27,0.0,0.0,0.0,0.0,0.0,0.0,0.0,0.0,0.0,0.0,0.0,0.0,0.0,0.0,0.0,0.0,0.0,0.0,0.0,0.0,0.0,0.0,0.0,0.0,0.0,0.0,1607.0,19.0
87,2020-06-28,0.0,0.0,0.0,0.0,0.0,0.0,0.0,0.0,0.0,0.0,0.0,0.0,0.0,0.0,0.0,0.0,0.0,0.0,0.0,0.0,0.0,0.0,0.0,0.0,0.0,0.0,833.0,4.0
88,2020-06-29,0.0,0.0,0.0,0.0,0.0,0.0,0.0,0.0,0.0,0.0,0.0,0.0,0.0,0.0,0.0,0.0,0.0,0.0,0.0,0.0,0.0,0.0,0.0,0.0,0.0,0.0,1340.0,2.0
89,2020-06-30,0.0,0.0,0.0,0.0,0.0,0.0,0.0,0.0,0.0,0.0,0.0,0.0,0.0,0.0,0.0,0.0,0.0,0.0,0.0,0.0,0.0,0.0,0.0,0.0,0.0,0.0,1365.0,8.0
90,2020-07-01,0.0,0.0,0.0,0.0,0.0,0.0,0.0,0.0,0.0,0.0,0.0,0.0,0.0,0.0,0.0,0.0,0.0,0.0,0.0,0.0,0.0,0.0,0.0,0.0,0.0,0.0,1296.0,7.0
91,2020-07-02,0.0,0.0,0.0,0.0,0.0,0.0,0.0,0.0,0.0,0.0,0.0,0.0,0.0,0.0,0.0,0.0,0.0,0.0,0.0,0.0,0.0,0.0,0.0,0.0,0.0,0.0,1399.0,12.0
92,2020-07-03,0.0,0.0,0.0,0.0,0.0,0.0,0.0,0.0,0.0,0.0,0.0,0.0,0.0,0.0,0.0,0.0,0.0,0.0,0.0,0.0,0.0,0.0,0.0,0.0,0.0,0.0,1519.0,3.0
93,2020-07-04,0.0,0.0,0.0,0.0,0.0,0.0,0.0,0.0,0.0,0.0,0.0,0.0,0.0,0.0,0.0,0.0,0.0,0.0,0.0,0.0,0.0,0.0,0.0,0.0,0.0,0.0,852.0,5.0
94,2020-07-05,0.0,0.0,0.0,0.0,0.0,0.0,0.0,0.0,0.0,0.0,0.0,0.0,0.0,0.0,0.0,0.0,0.0,0.0,0.0,0.0,0.0,0.0,0.0,0.0,0.0,0.0,599.0,2.0
95,2020-07-06,0.0,0.0,0.0,0.0,0.0,0.0,0.0,0.0,0.0,0.0,0.0,0.0,0.0,0.0,0.0,0.0,0.0,0.0,0.0,0.0,0.0,0.0,0.0,0.0,0.0,0.0,1290.0,1.0
96,2020-07-07,0.0,0.0,0.0,0.0,0.0,0.0,0.0,0.0,0.0,0.0,0.0,0.0,0.0,0.0,0.0,0.0,0.0,0.0,0.0,0.0,0.0,0.0,0.0,0.0,0.0,0.0,1610.0,4.0
97,2020-07-08,0.0,0.0,0.0,0.0,0.0,0.0,0.0,0.0,0.0,0.0,0.0,0.0,0.0,0.0,0.0,0.0,0.0,0.0,0.0,0.0,0.0,0.0,0.0,0.0,0.0,0.0,1182.0,13.0
98,2020-07-09,0.0,0.0,0.0,0.0,0.0,0.0,0.0,0.0,0.0,0.0,0.0,0.0,0.0,0.0,0.0,0.0,0.0,0.0,0.0,0.0,0.0,0.0,0.0,0.0,0.0,0.0,1424.0,60.0
99,2020-07-10,0.0,0.0,0.0,0.0,0.0,0.0,0.0,0.0,0.0,0.0,0.0,0.0,0.0,0.0,0.0,0.0,0.0,0.0,0.0,0.0,0.0,0.0,0.0,0.0,0.0,0.0,1749.0,300.0
100,2020-07-11,0.0,2.0,0.0,0.0,0.0,0.0,0.0,0.0,0.0,0.0,0.0,0.0,0.0,0.0,0.0,0.0,0.0,0.0,0.0,0.0,0.0,0.0,0.0,0.0,0.0,0.0,1341.0,57.0
101,2020-07-12,0.0,5.0,0.0,0.0,0.0,1.0,0.0,0.0,0.0,0.0,0.0,0.0,0.0,0.0,0.0,0.0,0.0,0.0,0.0,0.0,0.0,1.0,0.0,0.0,0.0,0.0,2251.0,106.0
102,2020-07-13,0.0,6.0,0.0,0.0,0.0,0.0,0.0,0.0,0.0,0.0,0.0,0.0,0.0,0.0,0.0,0.0,0.0,0.0,0.0,0.0,0.0,0.0,0.0,0.0,0.0,0.0,1310.0,29.0
103,2020-07-14,0.0,2.0,0.0,0.0,0.0,0.0,0.0,0.0,0.0,0.0,0.0,0.0,0.0,0.0,0.0,0.0,0.0,0.0,0.0,0.0,0.0,0.0,0.0,0.0,0.0,0.0,2288.0,19.0
104,2020-07-15,0.0,1.0,0.0,0.0,0.0,0.0,0.0,0.0,0.0,0.0,0.0,2.0,0.0,0.0,0.0,0.0,0.0,0.0,0.0,0.0,0.0,1.0,0.0,0.0,0.0,0.0,2470.0,6.0
105,2020-07-16,0.0,0.0,0.0,0.0,0.0,0.0,0.0,0.0,0.0,0.0,0.0,1.0,0.0,0.0,0.0,0.0,0.0,0.0,0.0,0.0,0.0,0.0,0.0,0.0,0.0,0.0,2406.0,16.0
106,2020-07-17,2.0,0.0,0.0,0.0,3.0,0.0,0.0,1.0,0.0,0.0,0.0,0.0,0.0,0.0,0.0,0.0,0.0,0.0,0.0,0.0,0.0,2.0,0.0,0.0,0.0,0.0,2723.0,10.0
107,2020-07-18,0.0,1.0,0.0,0.0,0.0,0.0,2.0,0.0,0.0,0.0,0.0,0.0,0.0,0.0,0.0,0.0,0.0,0.0,0.0,0.0,0.0,0.0,0.0,0.0,0.0,0.0,1888.0,6.0
108,2020-07-19,0.0,0.0,0.0,0.0,4.0,0.0,0.0,0.0,0.0,0.0,0.0,0.0,0.0,0.0,0.0,0.0,0.0,0.0,0.0,0.0,0.0,1.0,0.0,0.0,0.0,0.0,2184.0,21.0
109,2020-07-20,0.0,0.0,0.0,0.0,3.0,0.0,0.0,0.0,0.0,0.0,0.0,0.0,0.0,0.0,0.0,0.0,0.0,0.0,0.0,0.0,0.0,0.0,0.0,1.0,0.0,0.0,1924.0,6.0
110,2020-07-21,0.0,1.0,0.0,0.0,0.0,0.0,0.0,0.0,0.0,0.0,0.0,0.0,0.0,0.0,0.0,0.0,0.0,0.0,0.0,0.0,0.0,0.0,0.0,0.0,0.0,0.0,2158.0,0.0
111,2020-07-22,0.0,0.0,0.0,0.0,0.0,0.0,0.0,0.0,0.0,0.0,0.0,0.0,0.0,0.0,0.0,0.0,0.0,0.0,0.0,0.0,0.0,0.0,0.0,0.0,0.0,0.0,1700.0,22.0
112,2020-07-23,0.0,0.0,0.0,0.0,0.0,0.0,0.0,0.0,0.0,0.0,0.0,0.0,0.0,0.0,0.0,0.0,0.0,0.0,0.0,0.0,0.0,1.0,0.0,0.0,0.0,0.0,2012.0,1.0
113,2020-07-24,0.0,0.0,0.0,0.0,0.0,0.0,0.0,0.0,0.0,0.0,0.0,0.0,0.0,0.0,0.0,0.0,0.0,0.0,0.0,0.0,0.0,0.0,0.0,0.0,0.0,0.0,1811.0,11.0
114,2020-07-25,0.0,0.0,0.0,0.0,0.0,0.0,0.0,0.0,0.0,0.0,0.0,0.0,0.0,0.0,0.0,0.0,0.0,0.0,0.0,0.0,0.0,0.0,0.0,0.0,0.0,0.0,2018.0,6.0
115,2020-07-26,0.0,0.0,0.0,0.0,0.0,0.0,0.0,0.0,0.0,0.0,0.0,0.0,0.0,0.0,0.0,0.0,0.0,0.0,0.0,0.0,0.0,0.0,0.0,0.0,0.0,0.0,1851.0,12.0
116,2020-07-27,0.0,0.0,0.0,0.0,0.0,0.0,0.0,0.0,0.0,0.0,0.0,0.0,0.0,0.0,0.0,0.0,0.0,0.0,0.0,0.0,0.0,0.0,0.0,0.0,0.0,0.0,1126.0,23.0
117,2020-07-28,0.0,0.0,0.0,0.0,0.0,0.0,0.0,0.0,0.0,0.0,0.0,0.0,0.0,0.0,0.0,0.0,0.0,0.0,0.0,0.0,0.0,0.0,0.0,0.0,0.0,0.0,1349.0,5.0
118,2020-07-29,0.0,0.0,0.0,0.0,0.0,0.0,0.0,0.0,0.0,0.0,0.0,0.0,0.0,0.0,0.0,0.0,0.0,0.0,0.0,0.0,0.0,0.0,0.0,0.0,0.0,0.0,1403.0,0.0
119,2020-07-30,0.0,0.0,0.0,0.0,0.0,0.0,0.0,0.0,0.0,0.0,0.0,0.0,0.0,0.0,0.0,0.0,0.0,0.0,0.0,0.0,0.0,1.0,0.0,0.0,0.0,0.0,1683.0,4.0
120,2020-07-31,0.0,0.0,0.0,0.0,0.0,0.0,0.0,0.0,0.0,0.0,0.0,0.0,0.0,0.0,0.0,0.0,0.0,0.0,0.0,0.0,0.0,0.0,0.0,0.0,0.0,0.0,1600.0,1.0
121,2020-08-01,0.0,0.0,0.0,0.0,0.0,0.0,0.0,0.0,0.0,0.0,0.0,0.0,0.0,0.0,0.0,0.0,0.0,0.0,0.0,0.0,0.0,1.0,0.0,0.0,0.0,0.0,1864.0,0.0
122,2020-08-02,0.0,0.0,0.0,0.0,0.0,0.0,0.0,0.0,0.0,0.0,0.0,0.0,0.0,0.0,0.0,0.0,0.0,0.0,0.0,0.0,0.0,0.0,0.0,0.0,0.0,0.0,1540.0,8.0
123,2020-08-03,0.0,0.0,0.0,0.0,0.0,0.0,0.0,0.0,0.0,0.0,0.0,0.0,0.0,0.0,0.0,0.0,0.0,0.0,0.0,0.0,0.0,1.0,0.0,0.0,0.0,0.0,1712.0,5.0
124,2020-08-04,0.0,0.0,0.0,0.0,0.0,0.0,0.0,0.0,0.0,0.0,0.0,0.0,0.0,0.0,0.0,0.0,0.0,0.0,0.0,0.0,0.0,1.0,0.0,0.0,0.0,0.0,1395.0,6.0
125,2020-08-05,0.0,0.0,0.0,0.0,0.0,0.0,0.0,0.0,0.0,0.0,0.0,0.0,0.0,0.0,0.0,0.0,0.0,0.0,0.0,0.0,0.0,0.0,0.0,0.0,0.0,0.0,935.0,5.0
126,2020-08-06,0.0,0.0,0.0,0.0,0.0,0.0,0.0,0.0,0.0,0.0,0.0,0.0,0.0,0.0,0.0,0.0,0.0,0.0,0.0,0.0,0.0,0.0,0.0,0.0,0.0,0.0,1085.0,0.0
127,2020-08-07,0.0,0.0,0.0,0.0,0.0,0.0,0.0,0.0,0.0,0.0,0.0,0.0,0.0,0.0,0.0,0.0,0.0,0.0,0.0,0.0,0.0,0.0,0.0,0.0,0.0,0.0,1069.0,0.0
128,2020-08-08,0.0,0.0,0.0,0.0,0.0,0.0,0.0,0.0,0.0,0.0,0.0,0.0,0.0,0.0,0.0,0.0,0.0,0.0,0.0,0.0,0.0,0.0,0.0,0.0,0.0,0.0,1343.0,2.0
129,2020-08-09,0.0,0.0,0.0,0.0,0.0,0.0,0.0,0.0,0.0,0.0,0.0,0.0,0.0,0.0,0.0,0.0,0.0,0.0,0.0,0.0,0.0,0.0,0.0,0.0,0.0,0.0,1803.0,3.0
130,2020-08-10,0.0,0.0,0.0,0.0,0.0,0.0,0.0,0.0,0.0,0.0,0.0,0.0,0.0,0.0,0.0,0.0,0.0,0.0,0.0,0.0,0.0,0.0,0.0,0.0,0.0,0.0,1519.0,27.0
131,2020-08-11,0.0,0.0,0.0,0.0,0.0,0.0,0.0,0.0,0.0,0.0,0.0,0.0,0.0,0.0,0.0,0.0,0.0,0.0,0.0,0.0,0.0,0.0,0.0,0.0,0.0,0.0,2909.0,9.0
132,2020-08-12,0.0,0.0,0.0,0.0,0.0,0.0,0.0,0.0,0.0,0.0,0.0,0.0,0.0,0.0,0.0,0.0,0.0,0.0,0.0,0.0,0.0,0.0,0.0,0.0,0.0,0.0,2549.0,1.0
133,2020-08-13,0.0,0.0,0.0,0.0,0.0,0.0,0.0,0.0,0.0,0.0,0.0,0.0,0.0,0.0,0.0,0.0,0.0,0.0,0.0,0.0,0.0,0.0,0.0,0.0,0.0,0.0,2732.0,1.0
134,2020-08-14,0.0,0.0,0.0,0.0,0.0,0.0,0.0,0.0,0.0,0.0,0.0,0.0,0.0,0.0,0.0,0.0,0.0,0.0,0.0,0.0,0.0,0.0,0.0,0.0,0.0,0.0,2437.0,4.0
135,2020-08-15,0.0,0.0,0.0,0.0,0.0,0.0,0.0,0.0,0.0,0.0,0.0,0.0,0.0,0.0,0.0,0.0,0.0,0.0,0.0,0.0,0.0,0.0,0.0,0.0,0.0,0.0,2839.0,4.0
136,2020-08-16,0.0,0.0,0.0,0.0,0.0,0.0,0.0,0.0,0.0,0.0,0.0,0.0,0.0,0.0,0.0,0.0,0.0,0.0,0.0,0.0,0.0,0.0,0.0,0.0,0.0,0.0,1561.0,3.0
137,2020-08-17,0.0,0.0,0.0,0.0,0.0,0.0,0.0,0.0,0.0,0.0,0.0,0.0,0.0,0.0,0.0,0.0,0.0,0.0,0.0,0.0,0.0,0.0,0.0,0.0,0.0,0.0,1989.0,7.0
138,2020-08-18,0.0,0.0,0.0,0.0,0.0,0.0,0.0,0.0,0.0,0.0,0.0,0.0,0.0,0.0,0.0,0.0,0.0,0.0,0.0,0.0,0.0,0.0,0.0,0.0,0.0,0.0,3518.0,2.0
139,2020-08-19,0.0,0.0,0.0,0.0,0.0,0.0,0.0,0.0,0.0,0.0,0.0,0.0,0.0,0.0,0.0,0.0,0.0,0.0,0.0,0.0,0.0,0.0,0.0,0.0,0.0,0.0,2247.0,0.0
140,2020-08-20,0.0,0.0,0.0,0.0,0.0,0.0,0.0,0.0,0.0,0.0,0.0,0.0,0.0,0.0,0.0,0.0,0.0,0.0,0.0,0.0,0.0,0.0,0.0,0.0,0.0,0.0,2876.0,16.0
141,2020-08-21,0.0,0.0,0.0,0.0,0.0,0.0,0.0,0.0,0.0,0.0,0.0,0.0,0.0,0.0,0.0,0.0,0.0,0.0,0.0,0.0,0.0,0.0,0.0,0.0,0.0,0.0,2759.0,23.0
142,2020-08-22,0.0,0.0,0.0,0.0,0.0,0.0,0.0,0.0,0.0,0.0,0.0,0.0,0.0,0.0,0.0,0.0,0.0,0.0,0.0,0.0,0.0,0.0,0.0,0.0,0.0,0.0,2800.0,6.0
143,2020-08-23,0.0,0.0,0.0,0.0,0.0,0.0,0.0,0.0,0.0,0.0,0.0,0.0,0.0,0.0,0.0,0.0,0.0,0.0,0.0,0.0,0.0,0.0,0.0,0.0,0.0,0.0,2690.0,6.0
144,2020-08-24,0.0,0.0,0.0,0.0,0.0,0.0,0.0,0.0,0.0,0.0,0.0,0.0,0.0,0.0,0.0,0.0,0.0,0.0,0.0,0.0,0.0,0.0,0.0,0.0,0.0,0.0,2693.0,6.0
145,2020-08-25,0.0,0.0,0.0,0.0,0.0,0.0,0.0,0.0,0.0,0.0,0.0,0.0,0.0,0.0,0.0,0.0,0.0,0.0,0.0,0.0,0.0,0.0,0.0,0.0,0.0,0.0,2372.0,12.0
146,2020-08-26,0.0,0.0,0.0,0.0,0.0,0.0,0.0,0.0,0.0,0.0,0.0,0.0,0.0,0.0,0.0,0.0,0.0,0.0,0.0,0.0,0.0,0.0,0.0,0.0,0.0,0.0,2847.0,13.0
147,2020-08-27,0.0,0.0,0.0,0.0,0.0,0.0,0.0,0.0,0.0,0.0,0.0,0.0,0.0,0.0,0.0,0.0,0.0,0.0,0.0,0.0,0.0,0.0,0.0,0.0,0.0,0.0,2853.0,2.0
148,2020-08-28,0.0,0.0,0.0,0.0,0.0,0.0,0.0,0.0,0.0,0.0,0.0,0.0,0.0,0.0,0.0,0.0,0.0,0.0,0.0,0.0,0.0,0.0,0.0,0.0,0.0,0.0,2748.0,3.0
149,2020-08-29,0.0,0.0,0.0,0.0,0.0,0.0,0.0,0.0,0.0,0.0,0.0,0.0,0.0,0.0,0.0,0.0,0.0,0.0,0.0,0.0,0.0,0.0,0.0,0.0,0.0,0.0,2072.0,6.0
150,2020-08-30,0.0,0.0,0.0,0.0,0.0,0.0,0.0,0.0,0.0,0.0,0.0,0.0,0.0,0.0,0.0,0.0,0.0,0.0,0.0,0.0,0.0,0.0,0.0,0.0,0.0,0.0,2129.0,17.0
151,2020-08-31,0.0,0.0,0.0,0.0,0.0,0.0,0.0,0.0,0.0,0.0,0.0,0.0,0.0,0.0,0.0,0.0,0.0,0.0,0.0,0.0,0.0,0.0,0.0,0.0,0.0,0.0,1941.0,37.0
152,2020-09-01,0.0,0.0,0.0,0.0,0.0,0.0,0.0,0.0,0.0,0.0,0.0,0.0,0.0,0.0,0.0,0.0,0.0,0.0,0.0,0.0,0.0,0.0,0.0,0.0,0.0,0.0,2495.0,43.0
153,2020-09-02,0.0,0.0,0.0,0.0,0.0,0.0,0.0,0.0,0.0,0.0,0.0,0.0,0.0,0.0,0.0,0.0,0.0,0.0,0.0,0.0,0.0,0.0,0.0,0.0,0.0,0.0,2163.0,9.0
154,2020-09-03,0.0,0.0,0.0,0.0,0.0,0.0,0.0,0.0,0.0,0.0,0.0,0.0,0.0,0.0,0.0,0.0,0.0,0.0,0.0,0.0,0.0,0.0,0.0,0.0,0.0,0.0,2511.0,10.0
155,2020-09-04,0.0,0.0,0.0,0.0,0.0,0.0,0.0,0.0,0.0,0.0,0.0,0.0,0.0,0.0,0.0,0.0,0.0,0.0,0.0,0.0,0.0,0.0,0.0,0.0,0.0,0.0,2389.0,4.0
156,2020-09-05,0.0,0.0,0.0,0.0,0.0,0.0,0.0,0.0,0.0,0.0,0.0,0.0,0.0,0.0,0.0,0.0,0.0,0.0,0.0,0.0,0.0,0.0,0.0,0.0,0.0,0.0,2297.0,6.0
157,2020-09-06,0.0,0.0,0.0,0.0,0.0,0.0,0.0,0.0,0.0,0.0,0.0,0.0,0.0,0.0,0.0,0.0,0.0,0.0,0.0,0.0,0.0,0.0,0.0,0.0,0.0,0.0,1724.0,2.0
158,2020-09-07,0.0,0.0,0.0,0.0,0.0,0.0,0.0,0.0,0.0,0.0,0.0,0.0,0.0,0.0,0.0,0.0,0.0,0.0,0.0,0.0,0.0,0.0,0.0,0.0,0.0,0.0,1353.0,0.0
159,2020-09-08,0.0,0.0,0.0,0.0,0.0,0.0,0.0,0.0,0.0,0.0,0.0,0.0,0.0,0.0,0.0,0.0,0.0,0.0,0.0,0.0,0.0,0.0,0.0,0.0,0.0,0.0,2128.0,17.0
160,2020-09-09,0.0,0.0,0.0,0.0,0.0,0.0,0.0,0.0,0.0,0.0,0.0,0.0,0.0,0.0,0.0,0.0,0.0,0.0,0.0,0.0,0.0,0.0,0.0,0.0,0.0,0.0,1776.0,7.0
161,2020-09-10,0.0,0.0,0.0,0.0,0.0,0.0,0.0,0.0,0.0,0.0,0.0,0.0,0.0,0.0,0.0,0.0,0.0,0.0,0.0,0.0,0.0,0.0,0.0,0.0,0.0,0.0,2440.0,8.0
162,2020-09-11,0.0,0.0,0.0,0.0,0.0,0.0,0.0,0.0,0.0,0.0,0.0,0.0,0.0,0.0,0.0,0.0,0.0,0.0,0.0,0.0,0.0,0.0,0.0,0.0,0.0,0.0,2464.0,14.0
163,2020-09-12,0.0,0.0,0.0,0.0,0.0,0.0,0.0,0.0,0.0,0.0,0.0,0.0,0.0,0.0,0.0,0.0,0.0,0.0,0.0,0.0,0.0,0.0,0.0,0.0,0.0,0.0,2050.0,26.0
164,2020-09-13,0.0,0.0,0.0,0.0,0.0,0.0,0.0,0.0,0.0,0.0,0.0,0.0,0.0,0.0,0.0,0.0,0.0,0.0,0.0,0.0,0.0,0.0,0.0,0.0,0.0,0.0,2201.0,39.0
165,2020-09-14,0.0,0.0,0.0,0.0,0.0,0.0,0.0,0.0,0.0,0.0,0.0,0.0,0.0,0.0,0.0,0.0,0.0,0.0,0.0,0.0,0.0,0.0,0.0,0.0,0.0,0.0,1434.0,28.0
166,2020-09-15,0.0,0.0,0.0,0.0,0.0,0.0,0.0,0.0,0.0,0.0,0.0,0.0,0.0,0.0,0.0,0.0,0.0,0.0,0.0,0.0,0.0,0.0,0.0,0.0,0.0,0.0,2301.0,9.0
167,2020-09-16,0.0,0.0,0.0,0.0,0.0,0.0,0.0,0.0,0.0,0.0,0.0,0.0,0.0,0.0,0.0,0.0,0.0,0.0,0.0,0.0,0.0,0.0,0.0,0.0,0.0,0.0,2600.0,0.0
168,2020-09-17,0.0,0.0,0.0,0.0,0.0,0.0,0.0,0.0,0.0,0.0,0.0,0.0,0.0,0.0,0.0,0.0,0.0,0.0,0.0,0.0,0.0,0.0,0.0,0.0,0.0,0.0,1965.0,5.0
169,2020-09-18,0.0,0.0,0.0,0.0,0.0,0.0,0.0,0.0,0.0,0.0,0.0,0.0,0.0,0.0,0.0,0.0,0.0,0.0,0.0,0.0,0.0,0.0,0.0,0.0,0.0,0.0,1714.0,5.0
170,2020-09-19,0.0,0.0,0.0,0.0,0.0,0.0,0.0,0.0,0.0,0.0,0.0,0.0,0.0,0.0,0.0,0.0,0.0,0.0,0.0,0.0,0.0,0.0,0.0,0.0,0.0,0.0,2314.0,2.0
171,2020-09-20,0.0,0.0,0.0,0.0,0.0,0.0,0.0,0.0,0.0,0.0,0.0,0.0,0.0,0.0,0.0,0.0,0.0,0.0,0.0,0.0,0.0,0.0,0.0,0.0,0.0,0.0,1112.0,4.0
172,2020-09-21,0.0,0.0,0.0,0.0,0.0,0.0,0.0,0.0,0.0,0.0,0.0,0.0,0.0,0.0,0.0,0.0,0.0,0.0,0.0,0.0,0.0,0.0,0.0,0.0,0.0,0.0,1398.0,12.0
173,2020-09-22,0.0,0.0,0.0,0.0,0.0,0.0,0.0,0.0,0.0,0.0,0.0,0.0,0.0,0.0,0.0,0.0,0.0,0.0,0.0,0.0,0.0,0.0,0.0,0.0,0.0,0.0,2827.0,14.0
174,2020-09-23,0.0,0.0,0.0,0.0,0.0,0.0,0.0,0.0,0.0,0.0,0.0,0.0,0.0,0.0,0.0,0.0,0.0,0.0,0.0,0.0,0.0,0.0,0.0,0.0,0.0,0.0,1882.0,11.0
175,2020-09-24,0.0,0.0,0.0,0.0,0.0,0.0,0.0,0.0,0.0,0.0,0.0,0.0,0.0,0.0,0.0,0.0,0.0,0.0,0.0,0.0,0.0,0.0,0.0,0.0,0.0,0.0,2555.0,9.0
176,2020-09-25,0.0,0.0,0.0,0.0,0.0,0.0,0.0,0.0,0.0,0.0,0.0,0.0,0.0,0.0,0.0,0.0,0.0,0.0,0.0,0.0,0.0,0.0,0.0,0.0,0.0,0.0,1595.0,12.0
177,2020-09-26,0.0,0.0,0.0,0.0,0.0,0.0,0.0,0.0,0.0,0.0,0.0,0.0,0.0,0.0,0.0,0.0,0.0,0.0,0.0,0.0,0.0,0.0,0.0,0.0,0.0,0.0,2457.0,4.0
178,2020-09-27,0.0,0.0,0.0,0.0,0.0,0.0,0.0,0.0,0.0,0.0,0.0,0.0,0.0,0.0,0.0,0.0,0.0,0.0,0.0,0.0,0.0,0.0,0.0,0.0,0.0,0.0,1862.0,11.0
179,2020-09-28,0.0,0.0,0.0,0.0,0.0,0.0,0.0,0.0,0.0,0.0,0.0,0.0,0.0,0.0,0.0,0.0,0.0,0.0,0.0,0.0,0.0,0.0,0.0,0.0,0.0,0.0,1398.0,3.0
180,2020-09-29,0.0,0.0,0.0,0.0,0.0,0.0,0.0,0.0,0.0,0.0,0.0,0.0,0.0,0.0,0.0,0.0,0.0,0.0,0.0,0.0,0.0,0.0,0.0,0.0,0.0,0.0,2407.0,11.0
181,2020-09-30,0.0,0.0,0.0,0.0,0.0,0.0,0.0,0.0,0.0,0.0,0.0,0.0,0.0,0.0,0.0,0.0,0.0,0.0,0.0,0.0,0.0,0.0,0.0,0.0,0.0,0.0,1724.0,6.0
182,2020-10-01,0.0,0.0,0.0,0.0,0.0,0.0,0.0,0.0,0.0,0.0,0.0,0.0,0.0,0.0,0.0,0.0,0.0,0.0,0.0,0.0,0.0,0.0,0.0,0.0,0.0,0.0,1517.0,2.0
183,2020-10-02,0.0,0.0,0.0,0.0,0.0,0.0,0.0,0.0,0.0,0.0,0.0,0.0,0.0,0.0,0.0,0.0,0.0,0.0,0.0,0.0,0.0,0.0,0.0,0.0,0.0,0.0,2114.0,6.0
184,2020-10-03,0.0,0.0,0.0,0.0,0.0,0.0,0.0,0.0,0.0,0.0,0.0,0.0,0.0,0.0,0.0,0.0,0.0,0.0,0.0,0.0,0.0,0.0,0.0,0.0,0.0,0.0,2244.0,7.0
185,2020-10-04,0.0,0.0,0.0,0.0,0.0,0.0,1.0,0.0,0.0,0.0,0.0,0.0,0.0,0.0,0.0,0.0,0.0,0.0,0.0,0.0,0.0,0.0,0.0,0.0,0.0,0.0,1148.0,7.0
186,2020-10-05,0.0,0.0,0.0,0.0,0.0,0.0,-1.0,0.0,0.0,0.0,0.0,0.0,0.0,0.0,0.0,0.0,0.0,0.0,0.0,0.0,0.0,0.0,0.0,0.0,0.0,0.0,1890.0,111.0
187,2020-10-06,0.0,0.0,0.0,0.0,0.0,0.0,0.0,0.0,0.0,0.0,0.0,0.0,0.0,0.0,0.0,0.0,0.0,0.0,0.0,0.0,0.0,0.0,0.0,0.0,0.0,0.0,4880.0,739.0
188,2020-10-07,0.0,0.0,0.0,0.0,0.0,0.0,0.0,0.0,0.0,0.0,0.0,0.0,0.0,0.0,0.0,0.0,0.0,0.0,0.0,0.0,0.0,0.0,0.0,0.0,0.0,0.0,5608.0,207.0
189,2020-10-08,0.0,0.0,0.0,0.0,0.0,0.0,0.0,0.0,0.0,0.0,0.0,0.0,0.0,0.0,0.0,0.0,0.0,0.0,0.0,0.0,0.0,0.0,0.0,0.0,0.0,0.0,4824.0,29.0
190,2020-10-09,0.0,0.0,0.0,0.0,0.0,0.0,0.0,0.0,0.0,0.0,0.0,0.0,0.0,0.0,0.0,0.0,0.0,0.0,0.0,0.0,0.0,0.0,0.0,0.0,0.0,0.0,7196.0,35.0
191,2020-10-10,0.0,0.0,0.0,0.0,0.0,0.0,0.0,0.0,0.0,0.0,0.0,0.0,0.0,0.0,0.0,0.0,0.0,0.0,0.0,0.0,0.0,0.0,0.0,0.0,0.0,0.0,7495.0,105.0
192,2020-10-11,0.0,0.0,0.0,0.0,0.0,0.0,0.0,0.0,0.0,0.0,0.0,0.0,0.0,0.0,0.0,0.0,0.0,0.0,0.0,0.0,0.0,0.0,0.0,0.0,0.0,0.0,7248.0,124.0
193,2020-10-12,0.0,0.0,0.0,0.0,0.0,0.0,0.0,0.0,0.0,0.0,0.0,0.0,0.0,0.0,0.0,0.0,0.0,0.0,0.0,0.0,0.0,0.0,0.0,0.0,0.0,0.0,6591.0,92.0
194,2020-10-13,0.0,0.0,0.0,0.0,0.0,0.0,0.0,0.0,0.0,0.0,0.0,0.0,0.0,0.0,0.0,0.0,0.0,0.0,0.0,0.0,0.0,0.0,0.0,0.0,0.0,0.0,6566.0,194.0
195,2020-10-14,0.0,0.0,0.0,0.0,0.0,0.0,0.0,0.0,0.0,0.0,0.0,0.0,0.0,0.0,0.0,0.0,0.0,0.0,0.0,0.0,0.0,0.0,0.0,0.0,0.0,0.0,8789.0,132.0
196,2020-10-15,0.0,0.0,0.0,0.0,0.0,0.0,0.0,0.0,0.0,0.0,0.0,0.0,0.0,0.0,0.0,0.0,0.0,0.0,0.0,0.0,0.0,0.0,0.0,0.0,0.0,0.0,8161.0,74.0
197,2020-10-16,0.0,0.0,0.0,0.0,0.0,0.0,0.0,0.0,0.0,0.0,0.0,0.0,0.0,0.0,0.0,0.0,0.0,0.0,0.0,0.0,0.0,0.0,0.0,0.0,0.0,0.0,8589.0,110.0
198,2020-10-17,0.0,0.0,0.0,0.0,0.0,0.0,0.0,0.0,0.0,0.0,0.0,0.0,0.0,0.0,0.0,0.0,0.0,0.0,0.0,0.0,0.0,0.0,0.0,0.0,0.0,0.0,9513.0,121.0
199,2020-10-18,0.0,0.0,0.0,0.0,0.0,0.0,0.0,0.0,0.0,0.0,0.0,0.0,0.0,0.0,0.0,0.0,0.0,0.0,0.0,0.0,0.0,0.0,0.0,0.0,0.0,0.0,7099.0,63.0
200,2020-10-19,0.0,0.0,0.0,0.0,0.0,0.0,0.0,0.0,0.0,0.0,0.0,0.0,0.0,0.0,0.0,0.0,0.0,0.0,0.0,0.0,0.0,0.0,0.0,0.0,0.0,0.0,7136.0,87.0
201,2020-10-20,0.0,0.0,0.0,0.0,0.0,0.0,0.0,0.0,0.0,0.0,0.0,0.0,0.0,0.0,0.0,0.0,0.0,0.0,0.0,0.0,0.0,0.0,0.0,0.0,0.0,0.0,8270.0,186.0
202,2020-10-21,0.0,0.0,0.0,0.0,0.0,0.0,0.0,0.0,0.0,0.0,0.0,0.0,0.0,0.0,0.0,0.0,0.0,0.0,0.0,0.0,0.0,0.0,0.0,0.0,0.0,0.0,8777.0,167.0
203,2020-10-22,0.0,0.0,0.0,0.0,0.0,0.0,0.0,0.0,0.0,0.0,0.0,0.0,0.0,0.0,0.0,0.0,0.0,0.0,0.0,0.0,0.0,0.0,0.0,0.0,0.0,0.0,8089.0,309.0
204,2020-10-23,0.0,0.0,0.0,0.0,0.0,0.0,0.0,0.0,0.0,0.0,0.0,0.0,0.0,0.0,0.0,0.0,0.0,0.0,0.0,0.0,0.0,0.0,0.0,0.0,0.0,0.0,9469.0,866.0
205,2020-10-24,0.0,0.0,0.0,0.0,0.0,0.0,0.0,0.0,0.0,0.0,0.0,0.0,0.0,0.0,0.0,0.0,0.0,0.0,0.0,0.0,0.0,0.0,0.0,0.0,0.0,0.0,9189.0,368.0
206,2020-10-25,0.0,0.0,0.0,0.0,0.0,0.0,0.0,0.0,0.0,0.0,0.0,0.0,0.0,0.0,0.0,0.0,0.0,0.0,0.0,0.0,0.0,0.0,0.0,0.0,0.0,0.0,8846.0,351.0
207,2020-10-26,0.0,0.0,0.0,0.0,0.0,0.0,0.0,0.0,0.0,0.0,0.0,0.0,0.0,0.0,0.0,0.0,0.0,0.0,0.0,0.0,0.0,0.0,0.0,0.0,0.0,0.0,9619.0,541.0
208,2020-10-27,0.0,0.0,0.0,0.0,0.0,0.0,0.0,0.0,0.0,0.0,0.0,0.0,0.0,0.0,0.0,0.0,0.0,0.0,0.0,0.0,0.0,0.0,0.0,0.0,0.0,0.0,8831.0,457.0
209,2020-10-28,0.0,0.0,0.0,0.0,0.0,0.0,0.0,0.0,0.0,0.0,0.0,0.0,0.0,0.0,0.0,0.0,0.0,0.0,0.0,0.0,0.0,0.0,0.0,0.0,0.0,0.0,11552.0,335.0
210,2020-10-29,0.0,0.0,0.0,0.0,0.0,0.0,0.0,0.0,0.0,0.0,0.0,0.0,0.0,0.0,0.0,0.0,0.0,0.0,0.0,0.0,0.0,0.0,0.0,0.0,0.0,0.0,9725.0,586.0
211,2020-10-30,0.0,0.0,0.0,0.0,0.0,0.0,0.0,0.0,0.0,0.0,0.0,0.0,0.0,0.0,0.0,0.0,0.0,0.0,0.0,0.0,0.0,0.0,0.0,0.0,0.0,0.0,10173.0,633.0
212,2020-10-31,0.0,0.0,0.0,0.0,0.0,0.0,0.0,0.0,0.0,0.0,0.0,0.0,0.0,0.0,0.0,0.0,0.0,0.0,0.0,0.0,0.0,0.0,0.0,0.0,0.0,0.0,11999.0,239.0
213,2020-11-01,0.0,0.0,0.0,0.0,0.0,0.0,0.0,0.0,0.0,0.0,0.0,0.0,0.0,0.0,0.0,0.0,0.0,0.0,0.0,0.0,0.0,0.0,0.0,0.0,0.0,0.0,11713.0,397.0
214,2020-11-02,0.0,0.0,0.0,0.0,0.0,0.0,0.0,0.0,0.0,0.0,0.0,0.0,0.0,0.0,0.0,0.0,0.0,0.0,0.0,0.0,0.0,0.0,0.0,0.0,0.0,0.0,9940.0,275.0
215,2020-11-03,0.0,0.0,0.0,0.0,0.0,0.0,0.0,0.0,0.0,0.0,0.0,0.0,0.0,0.0,0.0,0.0,0.0,0.0,0.0,0.0,0.0,0.0,0.0,0.0,0.0,0.0,10655.0,409.0
216,2020-11-04,0.0,0.0,0.0,0.0,0.0,0.0,0.0,0.0,0.0,0.0,0.0,0.0,0.0,0.0,0.0,0.0,0.0,0.0,0.0,0.0,0.0,0.0,0.0,0.0,0.0,0.0,11316.0,443.0
217,2020-11-05,0.0,0.0,0.0,0.0,0.0,0.0,0.0,0.0,0.0,0.0,0.0,0.0,0.0,0.0,0.0,0.0,0.0,0.0,0.0,0.0,0.0,0.0,0.0,0.0,0.0,0.0,11824.0,383.0
218,2020-11-06,0.0,0.0,0.0,0.0,0.0,0.0,0.0,0.0,0.0,0.0,0.0,0.0,0.0,0.0,0.0,0.0,0.0,0.0,0.0,0.0,0.0,0.0,0.0,0.0,0.0,0.0,11620.0,400.0
219,2020-11-07,0.0,0.0,0.0,0.0,0.0,0.0,0.0,0.0,0.0,0.0,0.0,0.0,0.0,0.0,0.0,0.0,0.0,0.0,0.0,0.0,0.0,0.0,0.0,0.0,0.0,0.0,10632.0,449.0
220,2020-11-08,0.0,0.0,0.0,0.0,0.0,0.0,0.0,0.0,0.0,0.0,0.0,0.0,0.0,0.0,0.0,0.0,0.0,0.0,0.0,0.0,0.0,0.0,0.0,0.0,0.0,0.0,7986.0,510.0
221,2020-11-09,0.0,0.0,0.0,0.0,0.0,0.0,0.0,0.0,0.0,0.0,0.0,0.0,0.0,0.0,0.0,0.0,0.0,0.0,0.0,0.0,0.0,0.0,0.0,0.0,0.0,0.0,8272.0,356.0
222,2020-11-10,0.0,0.0,0.0,0.0,0.0,0.0,0.0,0.0,0.0,0.0,0.0,0.0,0.0,0.0,0.0,0.0,0.0,0.0,0.0,0.0,0.0,0.0,0.0,0.0,0.0,0.0,10207.0,430.0
223,2020-11-11,0.0,0.0,0.0,0.0,0.0,0.0,0.0,0.0,0.0,0.0,0.0,0.0,0.0,0.0,0.0,0.0,0.0,0.0,0.0,0.0,0.0,0.0,0.0,0.0,0.0,0.0,10111.0,635.0
224,2020-11-12,0.0,0.0,0.0,0.0,0.0,0.0,0.0,0.0,0.0,0.0,0.0,0.0,0.0,0.0,0.0,0.0,0.0,0.0,0.0,0.0,0.0,0.0,0.0,0.0,0.0,0.0,9575.0,373.0
225,2020-11-13,0.0,0.0,0.0,0.0,0.0,0.0,0.0,0.0,0.0,0.0,0.0,0.0,0.0,0.0,0.0,0.0,0.0,0.0,0.0,0.0,0.0,0.0,0.0,0.0,0.0,0.0,13671.0,468.0
227,2020-11-15,0.0,2.0,2.0,6.0,289.0,6.0,22.0,1.0,0.0,0.0,8.0,80.0,4.0,0.0,3.0,0.0,1.0,0.0,2.0,0.0,0.0,1.0,1.0,20.0,1.0,0.0,10713.0,704.0
228,2020-11-16,1.0,1.0,0.0,1.0,248.0,45.0,44.0,0.0,1.0,0.0,10.0,24.0,1.0,0.0,4.0,0.0,0.0,0.0,0.0,0.0,0.0,0.0,5.0,0.0,0.0,0.0,8743.0,387.0
229,2020-11-17,0.0,39.0,3.0,0.0,557.0,4.0,63.0,1.0,0.0,0.0,2.0,0.0,3.0,0.0,3.0,0.0,1.0,1.0,0.0,0.0,0.0,0.0,2.0,0.0,1.0,1.0,11105.0,401.0
230,2020-11-18,3.0,0.0,5.0,5.0,157.0,5.0,56.0,0.0,0.0,0.0,79.0,2.0,13.0,0.0,2.0,0.0,0.0,0.0,0.0,0.0,1.0,0.0,0.0,1.0,0.0,0.0,10306.0,327.0
231,2020-11-19,0.0,3.0,0.0,0.0,260.0,5.0,35.0,0.0,0.0,0.0,27.0,4.0,1.0,0.0,11.0,0.0,0.0,1.0,0.0,0.0,1.0,0.0,1.0,1.0,0.0,0.0,11398.0,439.0
232,2020-11-20,1.0,1.0,1.0,0.0,168.0,3.0,83.0,0.0,0.0,0.0,9.0,4.0,0.0,0.0,1.0,0.0,0.0,2.0,0.0,0.0,1.0,0.0,3.0,1.0,0.0,0.0,11212.0,439.0
233,2020-11-21,0.0,2.0,1.0,2.0,214.0,1.0,79.0,1.0,0.0,1.0,17.0,19.0,0.0,0.0,8.0,0.0,0.0,0.0,1.0,0.0,4.0,0.0,5.0,6.0,0.0,0.0,12095.0,491.0
234,2020-11-22,0.0,0.0,0.0,1.0,181.0,16.0,42.0,0.0,0.0,0.0,8.0,12.0,0.0,0.0,2.0,0.0,0.0,1.0,0.0,0.0,2.0,0.0,0.0,0.0,1.0,0.0,10679.0,400.0
235,2020-11-23,0.0,1.0,3.0,0.0,323.0,2.0,46.0,0.0,0.0,1.0,23.0,7.0,2.0,2.0,16.0,0.0,1.0,3.0,1.0,0.0,7.0,5.0,0.0,5.0,1.0,0.0,7467.0,337.0
236,2020-11-24,0.0,2.0,0.0,0.0,208.0,0.0,55.0,0.0,0.0,0.0,5.0,7.0,0.0,0.0,7.0,0.0,0.0,1.0,0.0,0.0,9.0,0.0,1.0,0.0,0.0,0.0,10400.0,459.0
237,2020-11-25,0.0,1.0,3.0,0.0,239.0,0.0,40.0,0.0,0.0,0.0,9.0,6.0,0.0,0.0,3.0,0.0,0.0,0.0,0.0,0.0,6.0,1.0,1.0,3.0,0.0,0.0,12105.0,502.0
238,2020-11-26,0.0,1.0,0.0,0.0,275.0,4.0,20.0,0.0,0.0,0.0,81.0,16.0,0.0,0.0,1.0,0.0,0.0,1.0,0.0,0.0,16.0,0.0,0.0,0.0,0.0,0.0,13286.0,559.0
239,2020-11-27,0.0,0.0,5.0,0.0,280.0,1.0,97.0,0.0,0.0,0.0,60.0,10.0,1.0,0.0,1.0,0.0,0.0,0.0,0.0,0.0,7.0,0.0,9.0,2.0,0.0,0.0,11936.0,473.0
240,2020-11-28,1.0,0.0,3.0,3.0,258.0,0.0,72.0,1.0,0.0,14.0,39.0,3.0,3.0,0.0,4.0,0.0,5.0,1.0,0.0,0.0,17.0,0.0,8.0,0.0,0.0,0.0,13065.0,487.0
241,2020-11-29,0.0,2.0,0.0,0.0,212.0,0.0,71.0,0.0,0.0,22.0,15.0,36.0,5.0,5.0,14.0,0.0,1.0,0.0,1.0,0.0,0.0,0.0,0.0,7.0,0.0,0.0,12031.0,496.0
242,2020-11-30,0.0,0.0,0.0,0.0,256.0,2.0,119.0,0.0,1.0,7.0,36.0,0.0,2.0,0.0,2.0,0.0,1.0,10.0,0.0,0.0,7.0,0.0,1.0,1.0,1.0,0.0,7463.0,503.0
243,2020-12-01,2.0,1.0,4.0,0.0,245.0,2.0,177.0,0.0,0.0,7.0,3.0,1.0,2.0,1.0,7.0,0.0,3.0,3.0,0.0,0.0,4.0,0.0,17.0,0.0,1.0,0.0,13423.0,545.0
244,2020-12-02,0.0,0.0,4.0,0.0,257.0,0.0,102.0,0.0,0.0,14.0,13.0,36.0,1.0,1.0,2.0,4.0,3.0,1.0,0.0,0.0,3.0,0.0,7.0,36.0,1.0,0.0,13632.0,878.0
245,2020-12-03,0.0,0.0,22.0,1.0,315.0,7.0,46.0,0.0,0.0,21.0,22.0,39.0,3.0,0.0,2.0,0.0,1.0,2.0,0.0,0.0,13.0,0.0,1.0,17.0,0.0,0.0,13598.0,628.0
246,2020-12-04,0.0,3.0,3.0,8.0,511.0,3.0,115.0,0.0,0.0,30.0,103.0,2.0,4.0,0.0,4.0,0.0,0.0,2.0,0.0,0.0,15.0,2.0,40.0,1.0,0.0,1.0,13741.0,521.0
247,2020-12-05,0.0,0.0,0.0,0.0,310.0,12.0,56.0,1.0,1.0,36.0,83.0,50.0,2.0,0.0,15.0,0.0,1.0,0.0,2.0,0.0,1.0,1.0,6.0,34.0,0.0,0.0,14125.0,669.0
248,2020-12-06,0.0,1.0,0.0,3.0,274.0,5.0,103.0,1.0,0.0,18.0,49.0,3.0,7.0,1.0,16.0,0.0,0.0,3.0,0.0,0.0,9.0,0.0,1.0,3.0,0.0,1.0,13831.0,649.0
249,2020-12-07,1.0,1.0,26.0,0.0,211.0,18.0,57.0,0.0,3.0,24.0,39.0,201.0,4.0,0.0,3.0,0.0,1.0,10.0,1.0,0.0,19.0,1.0,21.0,16.0,0.0,-16.0,11182.0,703.0
250,2020-12-08,0.0,2.0,4.0,1.0,396.0,16.0,107.0,0.0,0.0,5.0,6.0,3.0,0.0,1.0,1.0,0.0,0.0,1.0,1.0,0.0,27.0,0.0,58.0,3.0,2.0,16.0,14336.0,798.0
251,2020-12-09,0.0,6.0,0.0,1.0,410.0,7.0,109.0,48.0,0.0,47.0,18.0,29.0,3.0,0.0,2.0,0.0,1.0,0.0,1.0,0.0,0.0,1.0,7.0,14.0,0.0,0.0,14416.0,694.0
252,2020-12-10,1.0,0.0,0.0,1.0,472.0,7.0,86.0,0.0,0.0,49.0,130.0,1.0,5.0,0.0,12.0,0.0,6.0,0.0,0.0,0.0,0.0,0.0,3.0,22.0,3.0,0.0,13864.0,541.0
253,2020-12-11,0.0,1.0,8.0,1.0,288.0,12.0,139.0,1.0,0.0,14.0,58.0,63.0,0.0,0.0,8.0,0.0,1.0,20.0,1.0,0.0,3.0,2.0,28.0,18.0,0.0,0.0,17425.0,762.0
254,2020-12-12,4.0,1.0,0.0,0.0,209.0,2.0,83.0,0.0,2.0,11.0,71.0,58.0,1.0,0.0,18.0,0.0,3.0,6.0,0.0,0.0,5.0,0.0,0.0,17.0,5.0,0.0,15239.0,760.0
255,2020-12-13,0.0,1.0,2.0,0.0,440.0,27.0,128.0,0.0,5.0,18.0,71.0,1.0,1.0,0.0,7.0,0.0,0.0,4.0,1.0,0.0,13.0,1.0,4.0,2.0,0.0,2.0,13479.0,655.0
256,2020-12-14,0.0,3.0,12.0,1.0,331.0,13.0,99.0,2.0,0.0,22.0,168.0,12.0,3.0,0.0,21.0,0.0,8.0,22.0,7.0,0.0,6.0,0.0,19.0,10.0,0.0,0.0,9363.0,688.0
257,2020-12-15,0.0,3.0,3.0,0.0,245.0,0.0,105.0,0.0,32.0,30.0,75.0,50.0,2.0,0.0,23.0,0.0,0.0,5.0,5.0,2.0,6.0,0.0,18.0,33.0,1.0,0.0,15273.0,643.0
258,2020-12-16,0.0,0.0,2.0,1.0,270.0,32.0,163.0,2.0,1.0,29.0,46.0,22.0,6.0,0.0,15.0,0.0,6.0,0.0,16.0,0.0,47.0,0.0,11.0,6.0,0.0,4.0,13178.0,616.0
259,2020-12-17,1.0,3.0,3.0,0.0,267.0,29.0,87.0,0.0,13.0,42.0,62.0,11.0,5.0,0.0,5.0,0.0,2.0,8.0,12.0,0.0,5.0,3.0,2.0,3.0,0.0,0.0,14024.0,650.0
260,2020-12-18,0.0,0.0,7.0,1.0,230.0,4.0,107.0,8.0,2.0,31.0,115.0,10.0,7.0,0.0,10.0,0.0,0.0,19.0,0.0,0.0,12.0,5.0,2.0,12.0,0.0,0.0,16542.0,662.0
261,2020-12-19,0.0,0.0,2.0,0.0,310.0,8.0,70.0,0.0,2.0,25.0,66.0,75.0,9.0,0.0,7.0,0.0,0.0,15.0,14.0,0.0,5.0,0.0,1.0,28.0,1.0,0.0,16603.0,618.0
262,2020-12-20,0.0,0.0,2.0,2.0,223.0,7.0,133.0,0.0,6.0,50.0,97.0,10.0,5.0,0.0,13.0,0.0,5.0,24.0,3.0,0.0,2.0,1.0,13.0,8.0,1.0,4.0,10534.0,594.0
263,2020-12-21,1.0,0.0,2.0,0.0,261.0,47.0,74.0,1.0,8.0,0.0,107.0,43.0,23.0,0.0,3.0,0.0,1.0,2.0,7.0,0.0,2.0,0.0,2.0,15.0,1.0,1.0,11672.0,370.0
264,2020-12-22,1.0,1.0,0.0,0.0,255.0,12.0,100.0,9.0,5.0,10.0,101.0,4.0,27.0,0.0,9.0,0.0,0.0,21.0,0.0,0.0,1.0,0.0,7.0,9.0,2.0,2.0,13895.0,428.0
265,2020-12-23,0.0,4.0,0.0,1.0,101.0,12.0,72.0,0.0,3.0,14.0,38.0,18.0,2.0,0.0,3.0,0.0,6.0,6.0,0.0,0.0,29.0,1.0,2.0,2.0,17.0,0.0,13853.0,580.0
266,2020-12-24,0.0,0.0,0.0,2.0,227.0,10.0,32.0,0.0,0.0,1.0,76.0,3.0,0.0,0.0,4.0,0.0,0.0,11.0,0.0,1.0,0.0,2.0,4.0,4.0,11.0,1.0,14933.0,592.0
267,2020-12-25,1.0,1.0,1.0,2.0,185.0,19.0,107.0,3.0,2.0,8.0,47.0,3.0,39.0,2.0,2.0,0.0,1.0,24.0,1.0,0.0,12.0,0.0,0.0,28.0,0.0,1.0,13516.0,551.0
268,2020-12-26,0.0,6.0,0.0,4.0,259.0,8.0,78.0,4.0,8.0,41.0,28.0,38.0,13.0,1.0,33.0,0.0,1.0,0.0,6.0,0.0,19.0,1.0,1.0,21.0,0.0,0.0,11060.0,598.0
269,2020-12-27,0.0,6.0,3.0,4.0,246.0,2.0,111.0,1.0,2.0,8.0,30.0,3.0,22.0,0.0,3.0,0.0,1.0,12.0,18.0,0.0,2.0,1.0,11.0,27.0,0.0,0.0,12222.0,674.0
270,2020-12-28,0.0,5.0,3.0,1.0,170.0,14.0,143.0,2.0,0.0,27.0,67.0,1.0,74.0,0.0,4.0,0.0,0.0,0.0,1.0,0.0,2.0,1.0,26.0,23.0,8.0,0.0,8668.0,549.0
271,2020-12-29,0.0,3.0,0.0,0.0,241.0,12.0,131.0,2.0,0.0,21.0,56.0,51.0,7.0,0.0,6.0,0.0,1.0,22.0,0.0,1.0,34.0,0.0,1.0,4.0,7.0,0.0,10564.0,453.0
272,2020-12-30,0.0,2.0,1.0,3.0,162.0,12.0,98.0,4.0,1.0,0.0,38.0,43.0,19.0,0.0,21.0,0.0,1.0,8.0,1.0,0.0,35.0,2.0,2.0,22.0,1.0,0.0,12592.0,646.0
273,2020-12-31,1.0,1.0,5.0,2.0,201.0,18.0,64.0,1.0,0.0,0.0,14.0,26.0,2.0,0.0,0.0,0.0,2.0,24.0,4.0,0.0,29.0,2.0,3.0,18.0,8.0,0.0,14243.0,597.0
274,2021-01-01,0.0,0.0,3.0,0.0,63.0,32.0,217.0,0.0,8.0,13.0,44.0,31.0,53.0,0.0,30.0,0.0,16.0,1.0,4.0,0.0,26.0,0.0,2.0,35.0,6.0,0.0,14600.0,557.0
275,2021-01-02,0.0,1.0,1.0,7.0,264.0,2.0,85.0,2.0,13.0,18.0,36.0,60.0,14.0,0.0,2.0,0.0,5.0,0.0,0.0,1.0,24.0,0.0,0.0,10.0,0.0,0.0,10719.0,515.0
276,2021-01-03,0.0,0.0,2.0,28.0,164.0,36.0,73.0,4.0,3.0,5.0,32.0,28.0,47.0,0.0,8.0,0.0,2.0,26.0,2.0,0.0,6.0,2.0,0.0,24.0,6.0,0.0,12826.0,403.0
277,2021-01-04,1.0,7.0,5.0,0.0,83.0,8.0,117.0,19.0,0.0,28.0,34.0,31.0,2.0,0.0,33.0,0.0,8.0,25.0,2.0,0.0,9.0,12.0,0.0,52.0,0.0,0.0,10774.0,468.0
278,2021-01-05,0.0,0.0,3.0,5.0,147.0,3.0,79.0,5.0,0.0,7.0,26.0,38.0,22.0,2.0,2.0,0.0,4.0,2.0,0.0,0.0,4.0,1.0,1.0,13.0,7.0,0.0,12456.0,484.0
279,2021-01-06,0.0,1.0,1.0,9.0,228.0,24.0,63.0,14.0,6.0,9.0,24.0,23.0,9.0,0.0,4.0,0.0,2.0,0.0,6.0,0.0,13.0,0.0,1.0,24.0,0.0,1.0,15041.0,522.0
280,2021-01-07,5.0,3.0,3.0,10.0,126.0,2.0,144.0,5.0,2.0,25.0,28.0,21.0,5.0,1.0,2.0,5.0,16.0,27.0,0.0,0.0,0.0,4.0,0.0,19.0,13.0,5.0,16351.0,532.0
281,2021-01-08,4.0,2.0,0.0,6.0,182.0,25.0,96.0,3.0,0.0,3.0,71.0,12.0,30.0,0.0,30.0,0.0,0.0,4.0,0.0,0.0,0.0,1.0,1.0,13.0,23.0,0.0,17217.0,525.0
282,2021-01-09,8.0,2.0,0.0,5.0,140.0,43.0,84.0,6.0,3.0,26.0,13.0,64.0,21.0,7.0,5.0,0.0,2.0,15.0,4.0,0.0,0.0,2.0,1.0,14.0,1.0,0.0,16206.0,535.0
283,2021-01-10,6.0,3.0,5.0,20.0,157.0,11.0,108.0,2.0,7.0,2.0,19.0,43.0,12.0,0.0,3.0,2.0,12.0,3.0,0.0,0.0,7.0,2.0,25.0,13.0,0.0,55.0,13224.0,540.0
284,2021-01-11,0.0,1.0,1.0,0.0,253.0,18.0,54.0,15.0,2.0,7.0,14.0,90.0,5.0,0.0,1.0,0.0,5.0,31.0,3.0,1.0,0.0,2.0,2.0,4.0,11.0,0.0,12139.0,569.0
285,2021-01-12,2.0,2.0,0.0,0.0,198.0,28.0,54.0,12.0,0.0,5.0,65.0,6.0,44.0,0.0,5.0,2.0,4.0,1.0,1.0,0.0,21.0,4.0,2.0,54.0,6.0,0.0,14329.0,588.0
286,2021-01-13,7.0,5.0,9.0,17.0,163.0,14.0,134.0,1.0,0.0,21.0,41.0,29.0,19.0,0.0,15.0,0.0,7.0,1.0,11.0,0.0,4.0,6.0,13.0,18.0,17.0,9.0,14565.0,692.0
287,2021-01-14,0.0,1.0,0.0,0.0,150.0,23.0,174.0,1.0,0.0,14.0,40.0,2.0,34.0,3.0,16.0,2.0,7.0,10.0,1.0,2.0,9.0,2.0,9.0,5.0,7.0,53.0,15146.0,670.0
288,2021-01-15,5.0,3.0,1.0,10.0,216.0,10.0,115.0,1.0,0.0,24.0,48.0,91.0,16.0,0.0,12.0,4.0,33.0,13.0,1.0,1.0,1.0,11.0,0.0,3.0,14.0,16.0,13681.0,695.0
289,2021-01-16,5.0,0.0,3.0,0.0,243.0,56.0,64.0,1.0,0.0,9.0,55.0,47.0,8.0,0.0,11.0,4.0,4.0,17.0,11.0,2.0,1.0,0.0,22.0,40.0,12.0,3.0,15218.0,719.0
290,2021-01-17,0.0,3.0,8.0,2.0,186.0,22.0,245.0,8.0,0.0,1.0,61.0,13.0,34.0,0.0,7.0,0.0,0.0,3.0,11.0,0.0,6.0,5.0,12.0,22.0,2.0,21.0,14984.0,749.0
291,2021-01-18,5.0,0.0,9.0,2.0,231.0,10.0,160.0,2.0,0.0,3.0,78.0,46.0,17.0,0.0,26.0,1.0,34.0,2.0,3.0,0.0,10.0,8.0,4.0,14.0,25.0,2.0,14294.0,688.0
292,2021-01-19,3.0,1.0,8.0,13.0,185.0,24.0,166.0,5.0,0.0,6.0,70.0,40.0,4.0,2.0,10.0,15.0,14.0,35.0,5.0,0.0,20.0,0.0,20.0,20.0,2.0,36.0,18050.0,669.0
293,2021-01-20,0.0,7.0,15.0,10.0,129.0,27.0,150.0,35.0,3.0,5.0,31.0,9.0,9.0,0.0,49.0,2.0,0.0,15.0,17.0,0.0,11.0,2.0,3.0,1.0,48.0,7.0,16108.0,770.0
294,2021-01-21,12.0,1.0,6.0,8.0,201.0,34.0,178.0,3.0,0.0,18.0,15.0,8.0,24.0,0.0,6.0,0.0,16.0,24.0,3.0,0.0,0.0,0.0,2.0,40.0,34.0,20.0,19285.0,887.0
295,2021-01-22,2.0,2.0,3.0,5.0,192.0,52.0,110.0,4.0,5.0,4.0,52.0,74.0,12.0,0.0,11.0,25.0,22.0,63.0,2.0,1.0,0.0,27.0,27.0,2.0,14.0,25.0,18515.0,787.0
296,2021-01-23,2.0,13.0,12.0,6.0,326.0,52.0,147.0,16.0,7.0,23.0,35.0,47.0,2.0,2.0,31.0,0.0,50.0,6.0,4.0,1.0,0.0,1.0,4.0,33.0,1.0,0.0,17523.0,724.0
297,2021-01-24,2.0,5.0,5.0,7.0,135.0,30.0,93.0,11.0,0.0,41.0,46.0,28.0,9.0,0.0,6.0,10.0,5.0,51.0,16.0,0.0,23.0,2.0,6.0,1.0,12.0,20.0,14947.0,843.0
298,2021-01-25,3.0,3.0,5.0,5.0,205.0,9.0,175.0,18.0,1.0,9.0,20.0,55.0,23.0,0.0,40.0,23.0,10.0,57.0,9.0,0.0,5.0,1.0,10.0,27.0,0.0,6.0,16431.0,737.0
299,2021-01-26,2.0,3.0,13.0,15.0,257.0,30.0,128.0,5.0,0.0,11.0,29.0,101.0,34.0,0.0,15.0,2.0,39.0,12.0,4.0,1.0,1.0,1.0,18.0,2.0,13.0,3.0,15259.0,755.0
300,2021-01-27,2.0,3.0,6.0,7.0,152.0,54.0,118.0,6.0,2.0,20.0,145.0,31.0,16.0,0.0,34.0,0.0,18.0,13.0,5.0,0.0,14.0,1.0,12.0,16.0,8.0,0.0,19420.0,772.0
301,2021-01-28,1.0,0.0,16.0,3.0,255.0,39.0,114.0,1.0,3.0,4.0,117.0,7.0,6.0,1.0,4.0,0.0,45.0,24.0,2.0,0.0,2.0,0.0,3.0,67.0,2.0,0.0,18132.0,892.0
302,2021-01-29,7.0,2.0,3.0,3.0,310.0,11.0,113.0,13.0,2.0,4.0,35.0,8.0,6.0,0.0,131.0,15.0,3.0,14.0,2.0,0.0,1.0,1.0,9.0,1.0,8.0,1.0,16226.0,859.0
303,2021-01-30,0.0,2.0,19.0,8.0,194.0,6.0,189.0,1.0,3.0,5.0,31.0,28.0,14.0,0.0,14.0,10.0,2.0,34.0,6.0,0.0,39.0,1.0,6.0,6.0,1.0,2.0,14316.0,848.0
304,2021-01-31,14.0,0.0,0.0,0.0,149.0,28.0,126.0,0.0,0.0,2.0,48.0,32.0,13.0,0.0,29.0,0.0,8.0,2.0,1.0,0.0,0.0,0.0,18.0,6.0,26.0,0.0,13537.0,864.0
305,2021-02-01,0.0,0.0,24.0,1.0,210.0,36.0,136.0,8.0,0.0,2.0,60.0,15.0,42.0,0.0,79.0,12.0,12.0,30.0,1.0,1.0,27.0,12.0,46.0,56.0,1.0,2.0,12340.0,826.0
306,2021-02-02,1.0,28.0,8.0,2.0,245.0,14.0,141.0,12.0,1.0,11.0,86.0,55.0,5.0,0.0,48.0,0.0,21.0,18.0,3.0,0.0,1.0,2.0,20.0,14.0,0.0,6.0,13218.0,715.0
307,2021-02-03,2.0,11.0,44.0,7.0,159.0,30.0,189.0,16.0,3.0,8.0,38.0,143.0,17.0,1.0,11.0,2.0,24.0,0.0,10.0,0.0,18.0,2.0,22.0,4.0,1.0,1.0,14860.0,711.0
308,2021-02-04,8.0,3.0,40.0,1.0,194.0,46.0,166.0,7.0,6.0,8.0,58.0,20.0,15.0,0.0,44.0,0.0,4.0,13.0,6.0,0.0,20.0,14.0,6.0,3.0,3.0,2.0,12024.0,706.0
309,2021-02-05,2.0,9.0,46.0,5.0,218.0,37.0,100.0,4.0,2.0,0.0,72.0,28.0,10.0,1.0,62.0,1.0,3.0,33.0,2.0,1.0,27.0,0.0,7.0,4.0,0.0,1.0,14749.0,735.0
310,2021-02-06,2.0,2.0,13.0,5.0,206.0,52.0,154.0,31.0,0.0,3.0,40.0,37.0,21.0,1.0,35.0,0.0,17.0,26.0,3.0,0.0,2.0,1.0,22.0,9.0,0.0,0.0,15746.0,726.0
311,2021-02-07,4.0,11.0,100.0,3.0,206.0,15.0,68.0,4.0,0.0,26.0,28.0,75.0,9.0,0.0,60.0,13.0,9.0,24.0,7.0,0.0,18.0,0.0,8.0,4.0,11.0,4.0,12145.0,772.0
312,2021-02-08,14.0,1.0,108.0,0.0,160.0,18.0,122.0,45.0,0.0,0.0,36.0,15.0,8.0,0.0,28.0,0.0,14.0,83.0,5.0,0.0,0.0,1.0,7.0,48.0,0.0,0.0,14402.0,887.0
313,2021-02-09,2.0,0.0,99.0,7.0,217.0,14.0,216.0,6.0,0.0,2.0,25.0,87.0,5.0,0.0,8.0,0.0,8.0,16.0,3.0,0.0,14.0,0.0,3.0,25.0,0.0,3.0,16493.0,976.0
314,2021-02-10,0.0,51.0,84.0,1.0,187.0,45.0,245.0,2.0,1.0,0.0,74.0,68.0,5.0,2.0,47.0,11.0,8.0,6.0,1.0,0.0,0.0,0.0,21.0,1.0,0.0,3.0,19687.0,963.0
315,2021-02-11,30.0,1.0,30.0,4.0,243.0,53.0,235.0,20.0,1.0,7.0,127.0,8.0,9.0,1.0,41.0,0.0,9.0,37.0,19.0,0.0,13.0,1.0,12.0,52.0,3.0,0.0,15543.0,942.0
316,2021-02-12,2.0,27.0,6.0,3.0,261.0,18.0,157.0,1.0,0.0,4.0,94.0,23.0,40.0,3.0,80.0,0.0,25.0,51.0,2.0,0.0,27.0,0.0,15.0,31.0,12.0,3.0,16387.0,940.0
317,2021-02-13,0.0,1.0,4.0,25.0,198.0,24.0,145.0,0.0,4.0,10.0,183.0,85.0,17.0,9.0,89.0,13.0,4.0,65.0,3.0,0.0,2.0,0.0,15.0,11.0,0.0,2.0,16866.0,796.0
318,2021-02-14,2.0,7.0,17.0,2.0,243.0,22.0,205.0,7.0,7.0,11.0,116.0,22.0,6.0,1.0,51.0,3.0,0.0,32.0,1.0,1.0,0.0,8.0,61.0,43.0,2.0,10.0,15430.0,802.0
319,2021-02-15,1.0,15.0,10.0,1.0,220.0,4.0,140.0,15.0,2.0,5.0,79.0,171.0,4.0,1.0,37.0,0.0,4.0,6.0,15.0,0.0,2.0,2.0,11.0,34.0,1.0,0.0,11895.0,774.0
320,2021-02-16,14.0,3.0,14.0,0.0,117.0,29.0,213.0,0.0,2.0,9.0,130.0,47.0,18.0,21.0,46.0,2.0,19.0,29.0,1.0,2.0,50.0,0.0,2.0,4.0,15.0,1.0,13585.0,756.0
321,2021-02-17,0.0,17.0,4.0,27.0,110.0,21.0,77.0,27.0,2.0,3.0,55.0,138.0,7.0,1.0,65.0,5.0,4.0,18.0,1.0,0.0,6.0,3.0,26.0,84.0,1.0,1.0,15386.0,722.0
322,2021-02-18,4.0,26.0,67.0,0.0,171.0,17.0,140.0,1.0,6.0,2.0,52.0,109.0,10.0,3.0,18.0,0.0,31.0,6.0,7.0,0.0,1.0,7.0,26.0,28.0,9.0,0.0,15554.0,514.0
323,2021-02-19,0.0,0.0,15.0,1.0,160.0,12.0,144.0,0.0,1.0,9.0,114.0,38.0,12.0,8.0,31.0,0.0,17.0,12.0,1.0,0.0,4.0,0.0,26.0,60.0,1.0,0.0,15909.0,517.0
324,2021-02-20,6.0,3.0,54.0,9.0,130.0,11.0,91.0,0.0,0.0,1.0,41.0,83.0,7.0,4.0,6.0,1.0,11.0,1.0,1.0,0.0,7.0,0.0,3.0,5.0,0.0,2.0,12936.0,543.0
325,2021-02-21,11.0,4.0,22.0,5.0,108.0,8.0,52.0,3.0,8.0,3.0,82.0,11.0,21.0,7.0,19.0,0.0,40.0,23.0,0.0,0.0,10.0,1.0,1.0,50.0,0.0,0.0,11779.0,519.0
326,2021-02-22,10.0,2.0,15.0,8.0,97.0,15.0,54.0,7.0,0.0,5.0,55.0,52.0,9.0,1.0,12.0,1.0,18.0,14.0,6.0,0.0,39.0,0.0,40.0,37.0,7.0,0.0,11222.0,518.0
327,2021-02-23,8.0,12.0,23.0,1.0,105.0,23.0,136.0,0.0,4.0,0.0,20.0,22.0,8.0,1.0,23.0,0.0,8.0,51.0,2.0,3.0,1.0,3.0,14.0,36.0,0.0,0.0,13714.0,492.0
328,2021-02-24,7.0,13.0,15.0,6.0,94.0,16.0,65.0,18.0,2.0,9.0,17.0,36.0,7.0,5.0,29.0,1.0,8.0,26.0,9.0,1.0,51.0,1.0,4.0,39.0,0.0,0.0,12198.0,458.0
329,2021-02-25,3.0,8.0,41.0,2.0,64.0,10.0,73.0,17.0,17.0,0.0,16.0,25.0,18.0,0.0,10.0,25.0,14.0,21.0,39.0,0.0,0.0,2.0,17.0,48.0,4.0,0.0,13868.0,466.0
330,2021-02-26,4.0,1.0,0.0,9.0,160.0,14.0,105.0,3.0,5.0,8.0,24.0,3.0,9.0,0.0,24.0,0.0,7.0,3.0,1.0,2.0,23.0,0.0,2.0,30.0,0.0,0.0,12632.0,497.0
331,2021-02-27,0.0,1.0,20.0,2.0,65.0,16.0,112.0,0.0,1.0,2.0,59.0,14.0,19.0,1.0,35.0,0.0,25.0,14.0,9.0,0.0,32.0,0.0,13.0,13.0,0.0,0.0,10421.0,460.0
332,2021-02-28,2.0,5.0,1.0,1.0,51.0,17.0,55.0,5.0,53.0,2.0,25.0,42.0,8.0,0.0,4.0,0.0,9.0,0.0,34.0,0.0,1.0,1.0,1.0,72.0,0.0,0.0,9822.0,204.0
333,2021-03-01,2.0,3.0,11.0,1.0,113.0,19.0,95.0,4.0,6.0,0.0,1.0,7.0,3.0,0.0,61.0,1.0,7.0,30.0,0.0,0.0,3.0,0.0,5.0,24.0,2.0,3.0,9949.0,458.0
334,2021-03-02,1.0,21.0,0.0,2.0,101.0,24.0,41.0,1.0,1.0,0.0,24.0,26.0,3.0,1.0,22.0,0.0,9.0,0.0,0.0,0.0,39.0,2.0,2.0,11.0,0.0,0.0,10786.0,318.0
335,2021-03-03,6.0,0.0,13.0,21.0,66.0,15.0,23.0,5.0,12.0,7.0,12.0,6.0,2.0,0.0,37.0,4.0,2.0,1.0,0.0,0.0,1.0,0.0,1.0,63.0,1.0,1.0,12883.0,356.0
336,2021-03-04,4.0,10.0,4.0,1.0,71.0,21.0,49.0,0.0,7.0,1.0,47.0,8.0,5.0,2.0,46.0,0.0,3.0,6.0,3.0,0.0,0.0,1.0,2.0,11.0,0.0,0.0,13049.0,384.0
337,2021-03-05,1.0,2.0,3.0,3.0,82.0,19.0,56.0,3.0,0.0,5.0,14.0,14.0,15.0,1.0,1.0,0.0,20.0,22.0,4.0,0.0,0.0,0.0,2.0,77.0,0.0,0.0,11895.0,350.0
338,2021-03-06,0.0,1.0,9.0,0.0,69.0,11.0,58.0,1.0,0.0,3.0,34.0,45.0,11.0,0.0,1.0,1.0,11.0,1.0,1.0,0.0,18.0,1.0,7.0,49.0,0.0,0.0,11172.0,190.0
339,2021-03-07,0.0,13.0,4.0,0.0,27.0,8.0,42.0,0.0,9.0,8.0,16.0,7.0,51.0,0.0,11.0,14.0,2.0,17.0,1.0,0.0,16.0,3.0,1.0,67.0,0.0,0.0,11809.0,545.0
340,2021-03-08,0.0,9.0,32.0,16.0,80.0,5.0,42.0,6.0,0.0,1.0,21.0,9.0,17.0,4.0,19.0,2.0,7.0,4.0,7.0,0.0,4.0,0.0,1.0,49.0,6.0,0.0,7575.0,344.0
341,2021-03-09,2.0,0.0,2.0,4.0,46.0,26.0,77.0,2.0,6.0,2.0,29.0,19.0,23.0,0.0,6.0,0.0,7.0,0.0,13.0,1.0,6.0,5.0,12.0,22.0,0.0,0.0,11615.0,304.0
342,2021-03-10,0.0,5.0,8.0,8.0,59.0,29.0,75.0,11.0,22.0,3.0,13.0,9.0,22.0,0.0,10.0,0.0,3.0,1.0,1.0,1.0,7.0,3.0,1.0,1.0,0.0,0.0,12557.0,342.0
343,2021-03-11,2.0,0.0,9.0,2.0,43.0,17.0,25.0,0.0,11.0,1.0,26.0,9.0,8.0,0.0,5.0,17.0,12.0,7.0,21.0,0.0,4.0,0.0,3.0,23.0,0.0,0.0,10819.0,304.0
344,2021-03-12,1.0,5.0,2.0,5.0,36.0,12.0,65.0,2.0,3.0,3.0,17.0,14.0,30.0,0.0,9.0,1.0,9.0,10.0,0.0,0.0,0.0,3.0,4.0,59.0,0.0,6.0,10396.0,297.0
345,2021-03-13,0.0,4.0,4.0,5.0,27.0,34.0,24.0,1.0,19.0,7.0,35.0,18.0,11.0,3.0,12.0,0.0,2.0,1.0,13.0,0.0,0.0,1.0,2.0,47.0,1.0,14.0,11539.0,314.0
346,2021-03-14,0.0,0.0,7.0,5.0,30.0,52.0,93.0,2.0,0.0,0.0,14.0,10.0,9.0,0.0,4.0,0.0,3.0,2.0,2.0,0.0,9.0,0.0,0.0,36.0,9.0,3.0,8564.0,307.0
347,2021-03-15,2.0,1.0,6.0,2.0,73.0,30.0,40.0,9.0,4.0,0.0,9.0,4.0,3.0,2.0,9.0,2.0,0.0,30.0,15.0,2.0,1.0,0.0,8.0,18.0,10.0,0.0,7154.0,331.0
348,2021-03-16,0.0,14.0,13.0,0.0,22.0,0.0,13.0,1.0,16.0,8.0,24.0,4.0,1.0,1.0,8.0,0.0,23.0,57.0,0.0,1.0,1.0,2.0,4.0,32.0,0.0,1.0,12098.0,154.0
349,2021-03-17,0.0,2.0,4.0,4.0,87.0,22.0,65.0,7.0,1.0,1.0,12.0,4.0,1.0,0.0,1.0,6.0,2.0,1.0,2.0,0.0,2.0,0.0,3.0,12.0,0.0,0.0,11926.0,470.0
350,2021-03-18,0.0,0.0,9.0,7.0,62.0,20.0,56.0,0.0,3.0,3.0,24.0,2.0,6.0,2.0,4.0,0.0,6.0,5.0,9.0,0.0,5.0,0.0,20.0,20.0,0.0,0.0,11421.0,162.0
351,2021-03-19,1.0,0.0,24.0,1.0,102.0,21.0,36.0,5.0,5.0,1.0,8.0,2.0,1.0,1.0,10.0,0.0,3.0,6.0,2.0,3.0,16.0,0.0,1.0,7.0,0.0,1.0,12101.0,473.0
352,2021-03-20,2.0,4.0,6.0,10.0,95.0,5.0,51.0,5.0,8.0,1.0,19.0,14.0,1.0,0.0,10.0,0.0,12.0,10.0,3.0,0.0,3.0,1.0,0.0,31.0,0.0,7.0,11742.0,158.0
353,2021-03-21,0.0,1.0,19.0,3.0,26.0,32.0,71.0,0.0,6.0,2.0,23.0,2.0,2.0,1.0,3.0,0.0,14.0,8.0,10.0,1.0,15.0,0.0,3.0,30.0,2.0,8.0,9180.0,545.0
354,2021-03-22,0.0,7.0,13.0,3.0,36.0,7.0,185.0,0.0,2.0,1.0,13.0,26.0,5.0,0.0,1.0,0.0,0.0,1.0,14.0,1.0,1.0,2.0,3.0,18.0,0.0,0.0,8618.0,314.0
355,2021-03-23,0.0,0.0,6.0,0.0,28.0,4.0,241.0,4.0,0.0,4.0,2.0,1.0,2.0,0.0,8.0,0.0,7.0,5.0,0.0,0.0,9.0,0.0,1.0,0.0,18.0,0.0,10453.0,251.0
356,2021-03-24,3.0,3.0,2.0,9.0,49.0,18.0,37.0,6.0,14.0,3.0,10.0,6.0,2.0,0.0,17.0,4.0,6.0,6.0,8.0,-29.0,23.0,0.0,0.0,18.0,3.0,3.0,11035.0,253.0
357,2021-03-25,0.0,0.0,24.0,2.0,83.0,5.0,30.0,19.0,21.0,0.0,0.0,4.0,3.0,1.0,5.0,1.0,0.0,1.0,13.0,29.0,1.0,0.0,0.0,10.0,0.0,2.0,11580.0,271.0
358,2021-03-26,0.0,1.0,2.0,1.0,61.0,1.0,51.0,4.0,33.0,1.0,10.0,9.0,3.0,4.0,19.0,0.0,4.0,0.0,0.0,5.0,1.0,0.0,5.0,11.0,1.0,2.0,10956.0,272.0
359,2021-03-27,0.0,1.0,1.0,1.0,56.0,6.0,35.0,0.0,78.0,0.0,13.0,2.0,3.0,0.0,2.0,0.0,1.0,9.0,5.0,0.0,17.0,1.0,4.0,13.0,0.0,0.0,11671.0,278.0
360,2021-03-28,12.0,27.0,13.0,0.0,47.0,4.0,40.0,17.0,5.0,0.0,14.0,3.0,3.0,0.0,6.0,0.0,5.0,1.0,12.0,0.0,0.0,2.0,2.0,31.0,0.0,0.0,9210.0,249.0
361,2021-03-29,3.0,6.0,10.0,0.0,59.0,3.0,18.0,5.0,109.0,1.0,10.0,4.0,0.0,0.0,10.0,2.0,0.0,7.0,3.0,0.0,0.0,0.0,5.0,0.0,0.0,2.0,6711.0,215.0
362,2021-03-30,3.0,5.0,15.0,2.0,27.0,2.0,25.0,11.0,46.0,0.0,13.0,5.0,0.0,1.0,3.0,0.0,7.0,3.0,2.0,2.0,1.0,0.0,0.0,20.0,11.0,1.0,11095.0,139.0
363,2021-03-31,0.0,0.0,3.0,0.0,28.0,2.0,20.0,0.0,21.0,0.0,15.0,2.0,16.0,1.0,6.0,0.0,8.0,1.0,7.0,2.0,4.0,0.0,2.0,5.0,0.0,7.0,9636.0,264.0
364,2021-04-01,0.0,3.0,3.0,0.0,58.0,1.0,12.0,0.0,9.0,0.0,2.0,4.0,1.0,0.0,3.0,5.0,3.0,1.0,2.0,6.0,7.0,2.0,0.0,0.0,0.0,0.0,10767.0,211.0
365,2021-04-02,2.0,0.0,1.0,0.0,59.0,8.0,37.0,5.0,21.0,0.0,26.0,2.0,9.0,0.0,4.0,1.0,1.0,19.0,0.0,0.0,4.0,0.0,2.0,24.0,9.0,0.0,11266.0,211.0
366,2021-04-03,2.0,6.0,1.0,0.0,33.0,1.0,36.0,4.0,28.0,0.0,10.0,3.0,1.0,0.0,8.0,0.0,0.0,10.0,1.0,0.0,10.0,0.0,1.0,2.0,2.0,2.0,9995.0,167.0
367,2021-04-04,0.0,0.0,3.0,0.0,63.0,0.0,31.0,3.0,2.0,0.0,19.0,3.0,0.0,0.0,2.0,0.0,1.0,12.0,0.0,3.0,0.0,0.0,5.0,11.0,3.0,1.0,9243.0,141.0
368,2021-04-05,2.0,5.0,2.0,0.0,27.0,4.0,18.0,1.0,7.0,3.0,13.0,1.0,1.0,2.0,24.0,0.0,0.0,0.0,2.0,4.0,0.0,0.0,2.0,18.0,0.0,0.0,8165.0,159.0
369,2021-04-06,0.0,0.0,0.0,0.0,47.0,3.0,4.0,1.0,12.0,0.0,4.0,5.0,2.0,0.0,6.0,0.0,1.0,2.0,5.0,2.0,0.0,0.0,6.0,10.0,0.0,8.0,7099.0,95.0
370,2021-04-07,2.0,16.0,0.0,0.0,20.0,5.0,39.0,0.0,15.0,0.0,11.0,3.0,1.0,0.0,1.0,0.0,0.0,5.0,3.0,0.0,3.0,0.0,3.0,0.0,0.0,1.0,9713.0,220.0
371,2021-04-08,1.0,0.0,0.0,2.0,26.0,5.0,7.0,0.0,18.0,0.0,2.0,9.0,0.0,0.0,15.0,0.0,1.0,4.0,0.0,0.0,19.0,0.0,0.0,33.0,0.0,0.0,12322.0,343.0
372,2021-04-09,0.0,2.0,4.0,0.0,33.0,3.0,34.0,0.0,76.0,0.0,6.0,0.0,0.0,0.0,0.0,0.0,2.0,0.0,5.0,0.0,0.0,1.0,0.0,17.0,0.0,0.0,9294.0,311.0
373,2021-04-10,0.0,0.0,1.0,1.0,48.0,3.0,20.0,6.0,141.0,1.0,14.0,18.0,3.0,4.0,10.0,2.0,1.0,12.0,0.0,0.0,0.0,0.0,6.0,12.0,0.0,1.0,10123.0,284.0
374,2021-04-11,0.0,0.0,7.0,0.0,6.0,0.0,7.0,6.0,42.0,0.0,7.0,4.0,0.0,0.0,22.0,0.0,0.0,0.0,0.0,0.0,1.0,0.0,0.0,2.0,0.0,0.0,8684.0,283.0
375,2021-04-12,0.0,1.0,4.0,1.0,146.0,8.0,43.0,6.0,26.0,0.0,6.0,7.0,2.0,3.0,56.0,1.0,0.0,5.0,1.0,1.0,0.0,3.0,18.0,1.0,0.0,0.0,7134.0,263.0
376,2021-04-13,3.0,0.0,0.0,4.0,57.0,2.0,13.0,4.0,42.0,0.0,12.0,7.0,0.0,1.0,27.0,0.0,0.0,0.0,0.0,0.0,2.0,0.0,12.0,36.0,0.0,0.0,6185.0,226.0
377,2021-04-14,0.0,0.0,0.0,0.0,0.0,0.0,0.0,0.0,0.0,0.0,0.0,0.0,0.0,0.0,0.0,0.0,0.0,0.0,0.0,0.0,0.0,0.0,0.0,0.0,0.0,0.0,5065.0,99.0
378,2021-04-15,0.0,0.0,0.0,0.0,0.0,0.0,0.0,0.0,0.0,0.0,0.0,0.0,0.0,0.0,0.0,0.0,0.0,0.0,0.0,0.0,0.0,0.0,0.0,0.0,0.0,0.0,4024.0,230.0
379,2021-04-16,0.0,0.0,2.0,1.0,53.0,1.0,12.0,0.0,16.0,0.0,2.0,3.0,0.0,0.0,67.0,2.0,12.0,0.0,0.0,0.0,7.0,2.0,13.0,7.0,0.0,1.0,4107.0,237.0
380,2021-04-17,0.0,0.0,0.0,0.0,31.0,1.0,18.0,1.0,33.0,1.0,1.0,12.0,0.0,1.0,34.0,0.0,0.0,0.0,0.0,1.0,1.0,0.0,0.0,1.0,20.0,0.0,6578.0,168.0
381,2021-04-18,0.0,1.0,0.0,0.0,38.0,2.0,17.0,0.0,5.0,1.0,21.0,1.0,1.0,0.0,14.0,0.0,1.0,1.0,0.0,0.0,1.0,0.0,7.0,7.0,0.0,0.0,6811.0,442.0
382,2021-04-19,0.0,4.0,0.0,1.0,112.0,4.0,50.0,1.0,31.0,0.0,10.0,1.0,2.0,0.0,61.0,1.0,1.0,10.0,5.0,0.0,0.0,1.0,15.0,15.0,2.0,3.0,8782.0,309.0
383,2021-04-20,1.0,7.0,0.0,0.0,82.0,11.0,36.0,3.0,13.0,0.0,10.0,7.0,1.0,3.0,176.0,1.0,1.0,0.0,3.0,0.0,0.0,0.0,22.0,7.0,0.0,0.0,8404.0,367.0
384,2021-04-21,0.0,11.0,2.0,0.0,101.0,1.0,22.0,0.0,7.0,0.0,21.0,20.0,6.0,0.0,29.0,0.0,4.0,0.0,0.0,0.0,5.0,9.0,33.0,1.0,0.0,0.0,12464.0,578.0
385,2021-04-22,0.0,1.0,0.0,0.0,76.0,36.0,52.0,10.0,7.0,0.0,19.0,3.0,4.0,0.0,63.0,0.0,4.0,2.0,7.0,0.0,1.0,1.0,8.0,6.0,12.0,0.0,15268.0,672.0
386,2021-04-23,0.0,7.0,3.0,0.0,127.0,11.0,63.0,12.0,15.0,0.0,37.0,5.0,3.0,0.0,91.0,5.0,3.0,3.0,5.0,1.0,22.0,0.0,76.0,8.0,4.0,0.0,12439.0,796.0
387,2021-04-24,1.0,1.0,1.0,0.0,102.0,32.0,121.0,15.0,16.0,0.0,65.0,13.0,2.0,0.0,192.0,0.0,19.0,11.0,8.0,0.0,0.0,0.0,23.0,14.0,11.0,0.0,16860.0,1068.0
388,2021-04-25,6.0,20.0,2.0,1.0,232.0,24.0,174.0,29.0,7.0,8.0,41.0,9.0,11.0,0.0,253.0,0.0,31.0,6.0,10.0,0.0,17.0,2.0,5.0,0.0,10.0,12.0,13919.0,793.0
389,2021-04-26,3.0,0.0,1.0,0.0,251.0,27.0,158.0,11.0,15.0,1.0,101.0,30.0,0.0,0.0,112.0,0.0,38.0,6.0,29.0,3.0,3.0,0.0,23.0,32.0,3.0,0.0,13138.0,997.0
390,2021-04-27,13.0,1.0,0.0,0.0,176.0,16.0,121.0,3.0,5.0,2.0,80.0,9.0,14.0,1.0,108.0,0.0,94.0,7.0,33.0,1.0,5.0,1.0,40.0,18.0,3.0,15.0,13965.0,1111.0
391,2021-04-28,0.0,12.0,0.0,0.0,139.0,71.0,174.0,20.0,1.0,0.0,123.0,73.0,0.0,0.0,130.0,0.0,16.0,31.0,51.0,0.0,65.0,1.0,9.0,4.0,2.0,0.0,14365.0,1466.0
392,2021-04-29,1.0,6.0,16.0,5.0,172.0,46.0,208.0,4.0,15.0,5.0,81.0,57.0,1.0,1.0,205.0,3.0,113.0,10.0,25.0,1.0,22.0,3.0,25.0,6.0,52.0,2.0,23730.0,1531.0
393,2021-04-30,2.0,5.0,8.0,6.0,439.0,30.0,231.0,23.0,13.0,0.0,143.0,95.0,5.0,0.0,97.0,0.0,118.0,13.0,71.0,0.0,25.0,2.0,37.0,17.0,44.0,1.0,27104.0,1662.0
394,2021-05-01,0.0,2.0,13.0,1.0,316.0,48.0,188.0,3.0,15.0,3.0,300.0,71.0,27.0,3.0,205.0,3.0,25.0,53.0,29.0,1.0,5.0,55.0,53.0,33.0,10.0,3.0,25232.0,1716.0
395,2021-05-02,38.0,4.0,40.0,0.0,383.0,114.0,294.0,38.0,0.0,0.0,120.0,77.0,12.0,0.0,93.0,0.0,68.0,26.0,80.0,0.0,143.0,4.0,24.0,6.0,19.0,2.0,23631.0,1891.0
396,2021-05-03,0.0,5.0,22.0,25.0,391.0,45.0,281.0,4.0,9.0,0.0,352.0,90.0,17.0,0.0,125.0,6.0,25.0,31.0,61.0,0.0,8.0,7.0,39.0,99.0,3.0,2.0,18584.0,1923.0
397,2021-05-04,2.0,55.0,15.0,1.0,641.0,68.0,367.0,27.0,7.0,0.0,179.0,6.0,4.0,8.0,108.0,4.0,117.0,50.0,19.0,3.0,42.0,7.0,33.0,8.0,63.0,5.0,22379.0,1914.0
398,2021-05-05,9.0,43.0,58.0,6.0,613.0,126.0,317.0,38.0,12.0,1.0,149.0,68.0,5.0,6.0,80.0,1.0,50.0,66.0,36.0,3.0,78.0,15.0,35.0,44.0,15.0,3.0,26360.0,1939.0
399,2021-05-06,2.0,60.0,23.0,1.0,577.0,69.0,332.0,56.0,23.0,0.0,138.0,79.0,7.0,0.0,151.0,1.0,115.0,27.0,28.0,1.0,53.0,35.0,31.0,7.0,25.0,7.0,27889.0,1895.0
400,2021-05-07,3.0,34.0,27.0,1.0,443.0,112.0,355.0,9.0,33.0,1.0,357.0,87.0,6.0,3.0,64.0,0.0,95.0,43.0,10.0,0.0,7.0,58.0,71.0,30.0,16.0,9.0,22889.0,1914.0
401,2021-05-08,29.0,5.0,60.0,5.0,531.0,58.0,266.0,7.0,20.0,0.0,217.0,96.0,6.0,6.0,181.0,7.0,16.0,78.0,60.0,0.0,32.0,1.0,71.0,79.0,10.0,4.0,25177.0,1896.0
402,2021-05-09,1.0,18.0,16.0,0.0,374.0,103.0,347.0,12.0,17.0,1.0,356.0,90.0,21.0,35.0,243.0,14.0,6.0,43.0,31.0,1.0,5.0,11.0,11.0,89.0,6.0,1.0,23263.0,2672.0
403,2021-05-10,4.0,1.0,43.0,0.0,357.0,94.0,331.0,65.0,13.0,2.0,159.0,117.0,4.0,1.0,49.0,1.0,67.0,75.0,19.0,0.0,48.0,1.0,22.0,338.0,0.0,0.0,23808.0,2624.0
404,2021-05-11,0.0,30.0,25.0,0.0,887.0,118.0,408.0,42.0,19.0,1.0,368.0,19.0,5.0,2.0,149.0,2.0,66.0,91.0,101.0,0.0,20.0,37.0,42.0,161.0,0.0,8.0,26428.0,2568.0
405,2021-05-12,2.0,40.0,6.0,1.0,412.0,128.0,616.0,15.0,52.0,1.0,378.0,70.0,9.0,24.0,210.0,0.0,139.0,49.0,41.0,3.0,61.0,46.0,93.0,68.0,13.0,1.0,26248.0,2429.0
406,2021-05-13,50.0,29.0,164.0,16.0,627.0,34.0,520.0,13.0,3.0,2.0,175.0,109.0,8.0,2.0,239.0,0.0,142.0,84.0,113.0,0.0,16.0,2.0,118.0,37.0,12.0,3.0,26648.0,2269.0
407,2021-05-14,9.0,17.0,13.0,0.0,570.0,75.0,552.0,12.0,71.0,0.0,358.0,108.0,15.0,9.0,87.0,0.0,116.0,68.0,16.0,9.0,55.0,10.0,59.0,110.0,1.0,5.0,24451.0,2289.0
408,2021-05-15,0.0,40.0,28.0,0.0,646.0,199.0,361.0,45.0,81.0,0.0,309.0,144.0,7.0,13.0,125.0,3.0,2.0,46.0,14.0,9.0,82.0,5.0,25.0,46.0,2.0,4.0,22247.0,2386.0
409,2021-05-16,5.0,5.0,45.0,8.0,590.0,121.0,425.0,99.0,42.0,0.0,267.0,87.0,61.0,0.0,152.0,0.0,79.0,53.0,50.0,0.0,4.0,0.0,28.0,38.0,22.0,1.0,27183.0,2275.0
410,2021-05-17,12.0,2.0,99.0,7.0,344.0,202.0,300.0,29.0,43.0,0.0,411.0,98.0,6.0,10.0,231.0,2.0,22.0,190.0,49.0,7.0,218.0,2.0,47.0,17.0,5.0,18.0,26941.0,2456.0
